,Aggression,Eating,Foraging,Locomoting,Neutral Social,Play,Resting,Standing,IntCar,InvCar,Other,Out of sight,Scent Marking,Stereotyping,subject,date,Month
January 1600 car feeding obs2.csv,0,24.113,660.895,117.189,0,0,0,61.736,0,0,0,35.933,0,0,1600,1/15/2020,January
January 1600 car feeding obs3.csv,0,27.312,430.764,281.328,0,2.005,29.029,102.258,0,0,0,27.121,0,0,1600,1/21/2020,January
January 1600 car feeding obs4.csv,0,29.417,427.287,326.366,0,0,0,106.166,0,0,0,9.408,0,0,1600,1/23/2020,January
January 1600 feeding car OBS1.csv,0,5.104,641.005,123.095,8.203,14.014,11.108,52.538,0,0,0,44.842,0,0,1600,1/10/2020,January
January 1601 car feeding obs1.csv,0,10.504,572.815,147.202,10.606,0,0,137.989,0,0,0,19.715,0,0,1601,1/10/2020,January
January 1601 car feeding obs2.csv,0,8.603,315.28,210.268,11.009,0,0,274.634,0,0,0,71.87,0,0,1601,1/15/2020,January
January 1601 car feeding obs3.csv,0,12.303,281.629,371.032,0,0,0,183.048,0,0,0,47.641,0,0,1601,1/21/2020,January
January 1601 car feeding obs4.csv,0,1.602,188.863,408.572,0,0,0,232.289,0,0,0,66.766,0,0,1601,1/23/2020,January
January 1602 car feeding OBS1.csv,0,11.507,645.413,119.693,8.806,0,0,60.944,0,0,0,48.64,0,0,1602,1/10/2020,January
January 1602 car feeding obs2.csv,0,3.4,293.867,284.949,0,0,0,147.724,0,0,0,168.163,0,0,1602,1/15/2020,January
January 1602 car feeding obs3.csv,0,23.614,299.162,387.941,4.603,1.5,18.216,163.515,0,0,0,0,0,0.801,1602,1/31/2020,January
January 1602 car feeding OBS4.csv,0,26.915,187.857,481.327,0,0,0,145.894,0,0,0,56.353,0,0,1602,1/23/2020,January
January 1610 car feeding obs1.csv,0,4.802,201.178,164.943,17.612,0,248.346,205.381,0,0,0,57.653,0,0,1610,1/10/2020,January
January 1610 car feeding obs2.csv,0,7.504,124.591,212.383,0,0,292.891,203.686,0,0,0,58.853,0,0,1610,1/16/2020,January
January 1610 car feeding obs3.csv,0.702,19.313,163.906,332.692,0,0,0,369.056,0,0,0,14.208,0,0,1610,1/21/2020,January
January 1610 car feeding obs4.csv,0,5.904,233.092,213.978,11.812,0,88.589,331.405,0,0,0,15.113,0,0,1610,1/23/2020,January
January 1617 car feeding obs1.csv,0.901,15.808,528.179,139.018,5.904,0,0,190.864,0,0,0,19.219,0,0,1617,1/10/2020,January
January 1617 car feeding obs2.csv,0,19.204,348.325,243.812,0,0,0,148.723,0,0,0,133.131,0,0,1617,1/16/2020,January
January 1617 car feeding obs3.csv,0,29.015,225.696,479.121,0,7.507,0,149.918,0,0,0,6.805,0,0,1617,1/31/2020,January
January 1617 car feeding obs4.csv,0,0,31.922,389.751,0,0,136.936,309.467,0,0,0,31.831,0,0,1617,1/23/2020,January
January 1622 car feeding obs1.csv,0,16.508,486.351,209.883,6.705,0,0,81.364,0,0,0,48.347,0,0,1622,1/10/2020,January
January 1622 car feeding obs2.csv,0,11.205,273.945,320.776,14.113,0,0,227.588,0,0,0,52.25,0,0,1622,1/15/2020,January
January 1622 car feeding obs3.csv,0,1.501,62.665,556.907,0,0,19.114,99.068,0,0,0,157.944,0,0,1622,1/21/2020,January
January 1622 car feeding obs4.csv,0,0,4.103,468.127,9.607,0,142.241,265.343,0,0,0,10.509,0,0,1622,1/23/2020,January
January 1623 car feeding OBS1.csv,4.202,8.404,563.824,150.92,0,10.909,8.509,102.799,0,0,0,49.845,0,0,1623,1/10/2020,January
January 1623 car feeding obs2.csv,6.002,18.71,493.264,234.002,0,0,0,103.376,0,0,0,44.541,0,0,1623,1/15/2020,January
January 1623 car feeding obs3.csv,0,2.695,72.665,314.768,0,0.699,0,119.115,0,0,0,389.983,0,0,1623,1/21/2020,January
January 1623 car feeding obs4.csv,0,0,186.572,434.292,0,0,0,150.129,0,0,0,126.024,0,0,1623,1/23/2020,January
January 1703 car feeding obs1.csv,0,29.41,553.501,270.338,6.403,0,0,40.231,0,0,0,0,0,0,1703,1/10/2020,January
January 1703 car feeding obs2.csv,0,14.812,280.405,453.807,0,0,0,36.33,0,0,0,110.91,0,0,1703,1/16/2020,January
January 1703 car feeding obs3.csv,0,17.71,437.686,399.874,0,0,0,17.209,0,0,0,24.625,0,0,1703,1/21/2020,January
January 1703 car feeding obs4.csv,19.52,26.814,424.888,236.208,13.209,0,70.669,83.767,0,0,0,17.314,0,6.3,1703,1/23/2020,January
January 1802 car feeding obs2.csv,0,7.606,94.383,395.963,0,0,0,128.494,0,0,0,271.97,0,0,1802,1/16/2020,January
January 1802 car feeding obs3.csv,0,1.801,188.268,467.514,0,7.304,0,191.649,0,0,0,43.344,0,0,1802,1/20/2020,January
January 1802 car feeding obs4.csv,0,0,85.666,440.793,0,0,0,215.471,0,0,0,156.45,0,0,1802,1/23/2020,January
January 1802 Feeding Car OBS1.csv,0,10.994,231.109,390.968,0,0,0,69.342,0,0,0,189.779,0,0,1802,1/10/2020,January
January 1803 car feeding obs1.csv,0,2.8,262.73,465.73,0,0,0,53.14,0,0,0,115.514,0,0,1803,1/10/2020,January
January 1803 car feeding obs2.csv,0,0,45.035,447.405,0,0,0,176.137,0,0,0,176.972,0,0,1803,1/16/2020,January
January 1803 car feeding obs3.csv,0,0,21.017,439.701,0,0,43.642,356.719,0,0,0,20.215,0,0,1803,1/20/2020,January
January 1803 car feeding obs4.csv,0,0,2.702,478.247,0,0,0,347.118,0,0,0,71.871,0,0,1803,1/23/2020,January
January 1820 car feeding obs 1.csv,0,20.709,638.91,102.087,0,0,0,123.303,0,0,0,14.914,0,0,1820,1/10/2020,January
January 1820 car feeding obs2.csv,0,10.602,607.401,15.21,2,0,52.652,179.272,0,0,0,32.83,0,0,1820,1/15/2020,January
January 1820 car feeding obs3.csv,0,26.212,815.498,25.508,4.504,0,0,20.402,0,0,0,0,0,0,1820,1/31/2020,January
January 1820 car feeding obs4.csv,0,30.014,733.807,70.856,2.802,0,0,31.823,0,0,0,24.924,0,0,1820,1/23/2020,January
January 1841 car feeding obs1.csv,0,12.006,626.704,76.966,0,0,0,168.733,0,0,0,15.516,0,0,1841,1/10/2020,January
January 1841 car feeding obs2.csv,0,8.706,566.633,44.735,0,0,0,255.639,0,0,0,24.225,0,0,1841,1/15/2020,January
January 1841 car feeding obs3.csv,0,27.511,820.593,23.409,0,0,0,28.422,0,0,0,0,0,0,1841,1/31/2020,January
January 1841 car feeding obs4.csv,0,8.704,504.863,182.843,8.506,0,0,122.088,0,0,0,72.87,0,0,1841,1/23/2020,January
January 1842 car feeding OBS1.csv,0,0,12.809,277.349,0,0,0,227.206,0,0,0,382.575,0,0,1842,1/10/2020,January
January 1842 car feeding obs2.csv,0,0,0,196.978,0,0,0,452.433,0,0,0,250.541,0,0,1842,1/16/2020,January
January 1842 car feeding obs3.csv,0,0,0,378.865,0,0,0,472.632,0,0,0,46.339,0,0,1842,1/21/2020,January
January 1842 car feeding obs4.csv,0,0,0,244.209,2.202,0,0,526.603,0,0,0,125.416,0,0,1842,1/23/2020,January
January 1850 car feeding obs1.csv,0,13.7,237.923,515.979,0,0,0,95.087,0,0,0,37.227,0,0,1850,1/10/2020,January
January 1850 car feeding obs2.csv,0,14.709,230.104,400.054,0,0,0,194.452,0,0,0,60.556,0,0,1850,1/16/2020,January
January 1850 car feeding obs3.csv,0,8.006,46.14,493.351,0,0,0,262.136,0,0,0,86.38,0,0,1850,1/20/2020,January
January 1850 car feeding OBS4.csv,0,9.205,25.821,571.733,0,0,0,272.632,0,0,0,16.216,0,0,1850,1/23/2020,January
January 1851 car feeding obs1.csv,0,25.511,570.12,172.642,0,0,0,84.664,0,0,0,46.944,0,0,1851,1/10/2020,January
January 1851 car feeding obs3.csv,0,23.216,446.721,311.162,0,0,0,118.774,0,0,0,0,0,0,1851,1/21/2020,January
January 1851 car feeding obs4.csv,0,21.593,362.453,174.847,0,0,0,323.003,0,0,0,0,0,0,1851,1/23/2020,January
January 1851 car feedings obs2.csv,0,31.216,463.116,201.48,0,0,0,123.295,0,0,0,80.072,0,0,1851,1/16/2020,January
January 1853 Car feeding OBS1.csv,0,13.007,33.322,265.742,0,0,70.469,285.055,0,0,0,232.329,0,0,1853,1/10/2020,January
January 1853 car feeding obs2.csv,0,3.203,90.978,262.234,0,0,146.744,256.224,0,0,0,140.54,0,0,1853,1/16/2020,January
January 1853 car feeding obs3.csv,2.902,4.202,221.49,275.734,0,4.904,0,379.628,0,0,0,11.01,0,0,1853,1/20/2020,January
January 1853 car feeding obs4.csv,0,20.21,175.257,211.075,3,0,28.728,339.709,0,0,0,120.918,0,0,1853,1/23/2020,January
Febraury 1601 car feeding obs3.csv,0,14.007,464.914,149.821,0,17.716,37.637,212.582,0,0,0,0,0,0,1601,2/15/2020,February
February 1600 car feeding obs1.csv,2.205,11.898,241.196,284.947,0,0,0,125.501,0,0,0,232.719,0,0,1600,2/6/2020,February
February 1600 car feeding obs2.csv,0,9.201,427.194,296.845,0,0,0,62.447,0,0,0,104.199,0,0,1600,2/12/2020,February
February 1600 car feeding obs3.csv,0,0,17.81,460.09,0,0,0,415.369,0,0,0,1.304,0,0,1600,2/15/2020,February
February 1600 car feeding obs4.csv,0,37.927,222.575,401.238,0,2.902,0,220.663,0,0,0,14.512,0,0,1600,2/26/2020,February
February 1601 car feeding obs1.csv,0,2.501,286.341,347.988,0,0,0,186.053,0,0,0,64.362,0,0,1601,2/6/2020,February
February 1601 car feeding obs2.csv,0,2.402,261.926,419.977,0,0,0,156.513,0,0,0,42.842,0,0,1601,2/12/2020,February
February 1602 car feeding obs1.csv,0,20.614,132.597,470.022,17.211,1.502,0,250.208,0,0,0,0,0,0,1602,2/7/2020,February
February 1602 car feeding obs2.csv,0,2.198,192.966,453.617,0,0,0,128.192,0,0,0,108.497,0,0,1602,2/10/2020,February
February 1602 car feeding obs3.csv,2.202,6.302,270.647,443.002,0,0,0,177.736,0,0,0,0,0,0,1602,2/12/2020,February
February 1602 car feeding obs4.csv,2.501,0,0,316.683,0,0,0,468.247,0,0,0,112.51,0,0,1602,2/15/2020,February
February 1610 car feeding obs1.csv,0,16.61,158.644,189.75,14.311,0,233.333,237.01,0,0,0,49.352,0,0,1610,2/7/2020,February
February 1610 car feeding obs2.csv,0,12.708,483.354,116.1,0,0,7.208,268.144,0,0,0,10.409,0,0,1610,2/12/2020,February
February 1610 car feeding obs3.csv,0,0,384.068,136.01,0,0,148.348,231.515,0,0,0,0,0,0,1610,2/19/2020,February
February 1610 car feeding obs4.csv,2.6,9.004,181.155,464.163,0,0,0,239.793,0,0,0,3.202,0,0,1610,2/26/2020,February
February 1617 car feeding obs1.csv,0,16.912,130.098,442.288,12.813,0.698,0,285.726,0,0,0,0,0,0,1617,2/7/2020,February
February 1617 car feeding obs2.csv,0,25.715,198.855,460.089,2.001,0,0,144.612,0,0,0,58.854,0,0,1617,2/10/2020,February
February 1617 car feeding obs3.csv,0,11.001,127.195,573.437,0,1.702,0,176.845,0,0,0,9.706,0,0,1617,2/12/2020,February
February 1617 car feeding obs4.csv,0,0,0,360.731,0,0,0,432.407,0,0,0,104.599,0,0,1617,2/15/2020,February
February 1622 car feeding obs1.csv,0,4.198,226.191,463.989,0,0,7.005,120.097,0,0,0,78.375,0,0,1622,2/6/2020,February
February 1622 car feeding obs2.csv,0,5.205,81.548,488.644,0,0,13.012,229.094,0,0,0,82.376,0,0,1622,2/12/2020,February
February 1622 car feeding obs3.csv,0,1.4,85.981,267.734,3.102,0,267.064,247.638,0,0,0,26.328,0,0,1622,2/15/2020,February
February 1622 car feeding obs4.csv,0,5.604,123.906,535.074,0,0,13.708,200.469,0,0,0,18.421,0,0,1622,2/26/2020,February
February 1623 car feeding obs1.csv,16.311,4.005,359.6,200.272,0,0,0,61.028,0,0,0,258.653,0,0,1623,2/6/2020,February
February 1623 car feeding obs2.csv,3.898,6.805,397.661,316.785,0,0,0,152.02,0,0,0,22.723,0,0,1623,2/12/2020,February
February 1623 car feeding obs3.csv,10.801,11.308,297.252,324.85,0,0,0,252.394,0,0,0,0,0,0,1623,2/15/2020,February
February 1623 car feeding obs4.csv,0,10.906,127.002,497.548,0,2.903,12.212,231.488,0,0,0,7.007,0,0,1623,2/26/2020,February
February 1703 car feeding obs1.csv,0,14.487,344.822,275.123,17.513,0,83.983,101.883,0,0,0,62.057,0,0,1703,2/7/2020,February
February 1703 car feeding obs2.csv,0,17.707,579.34,172.745,0,0,0,119.005,0,0,0,11.111,0,0,1703,2/12/2020,February
February 1703 car feeding obs3.csv,0,14.204,688.957,163.648,0,0,0,22.611,0,0,0,10.506,0,0,1703,2/19/2020,February
February 1703 car feeding obs4.csv,0,14.401,416.189,368.038,0,0,0,76.666,0,0,0,24.618,0,0,1703,2/26/2020,February
February 1802 car feeding obs1.csv,0,5.202,234.603,442.709,0,0,0,64.524,0,0,0,152.242,0,0,1802,2/10/2020,February
February 1802 car feeding obs2.csv,0,0,0,286.455,0,0,0,110.295,0,0,0,503.192,0,0,1802,2/11/2020,February
February 1802 car feeding obs3.csv,0,17.213,401.265,278.201,0,0,0,80.663,0,0,0,121.824,0,0,1802,2/27/2020,February
February 1802 car feeding obs4.csv,0,24.616,424.78,407.924,0,0,0,22.814,0,0,0,19.715,0,0,1802,3/3/2020,February
February 1803 car feeding obs1.csv,0,0,0,321.608,2.304,0,0,576.026,0,0,0,0,0,0,1803,2/7/2020,February
February 1803 car feeding obs2.csv,0,0,4.105,354.415,0,0,0,423.897,0,0,0,117.517,0,0,1803,2/10/2020,February
February 1803 car feeding obs3.csv,0,0,21.616,252.033,0,0,50.95,483.768,0,0,0,91.591,0,0,1803,2/15/2020,February
February 1803 car feeding obs4.csv,0,0,24.509,419.67,0,0,0,455.715,0,0,0,0,0,0,1803,2/26/2020,February
February 1820 car feeding obs 2.csv,0,18.285,518.497,164.631,0,0,0,61.139,0,0,0,137.333,0,0,1820,2/10/2020,February
February 1820 car feeding obs1.csv,0,22.009,627.195,22.715,7.206,0,0,33.814,0,0,0,186.98,0,0,1820,2/7/2020,February
February 1820 car feeding obs3 moving.csv,0,7.509,136.505,302.366,16.415,0,173.771,202.969,0,0,0,60.36,0,0,1820,2/11/2020,February
February 1820 car feeding obs4.csv,0,33.418,550.033,104.365,5.303,0,0,102.177,0,0,0,103.204,0,0,1820,2/27/2020,February
February 1841 car feeding obs1.csv,0,17.608,553.518,33.023,7.101,0,0,32.827,0,0,0,255.843,0,0,1841,2/7/2020,February
February 1841 car feeding obs2.csv,0,2.795,344.81,171.129,0,0,0,69.443,0,0,0,311.703,0,0,1841,2/10/2020,February
February 1841 car feeding obs3 moving.csv,0,0,43.532,283.85,3.602,0,2.601,425.804,0,0,0,140.534,0,0,1841,2/11/2020,February
February 1841 car feeding obs4.csv,0,4.808,305.289,189.939,4.203,0,0,197.649,0,0,0,198.002,0,0,1841,2/27/2020,February
February 1842 car feeding obs1.csv,0,0,0,225.831,0,0,0,282.302,0,0,0,389.568,0,0,1842,2/7/2020,February
February 1842 car feeding obs2.csv,0,0,4.304,343.407,0,0,0,327.697,0,0,0,224.514,0,0,1842,2/12/2020,February
February 1842 car feeding obs3b.csv,0,0,0,229.005,0,0,0,214.099,0,0,0,429.418,0,0,1842,2/19/2020,February
February 1842 car feeding obs4.csv,0,0,19.016,678.925,0,0,0,197.457,0,0,0,0,0,0,1842,2/26/2020,February
February 1850 car feeding obs1.csv,0,0,0,287.038,0,0,47.265,565.64,0,0,0,0,0,0,1850,2/7/2020,February
February 1850 car feeding obs2.csv,0,0,3.604,567.62,0,0,0,326.592,0,0,0,2.099,0,0,1850,2/10/2020,February
February 1850 car feeding obs3b.csv,0,0,4.601,343.72,5.101,0,144.542,401.986,0,0,0,0,0,0,1850,2/15/2020,February
February 1850 car feeding obs4.csv,0,0,37.237,493.193,0,0,0,368.079,0,0,0,0,0,0,1850,2/26/2020,February
February 1851 car feeding obs1.csv,0,37.033,350.398,221.779,0,0,3.504,101.166,0,0,0,185.983,0,0,1851,2/7/2020,February
February 1851 car feeding obs2.csv,0,13.509,364.037,230.696,0,0,0,120.303,0,0,0,171.369,0,0,1851,2/12/2020,February
February 1851 car feeding obs3.csv,0,6.404,453.029,132.112,5.602,0,0,115.894,0,0,0,186.079,0,0,1851,2/19/2020,February
February 1851 car feeding obs4.csv,0,73.948,189.56,515.381,0,0,0,120.999,0,0,0,0,0,0,1851,2/26/2020,February
February 1853 car feeding obs1.csv,0,11.798,310.592,191.176,0,1.602,0,256.694,0,0,0,77.978,0,0,1853,2/10/2020,February
February 1853 car feeding obs2.csv,0,1.3,100.283,388.843,2.904,0,0,232.11,0,0,0,174.469,0,0,1853,2/11/2020,February
February 1853 car feeding obs3.csv,0,18.412,87.463,161.463,0,0,0,176.74,0,0,0,455.853,0,0,1853,2/27/2020,February
February 1853 car feeding obs4.csv,1.4,43.424,413.58,186.747,0,0,0,165.737,78.671,8.506,0,0,0,0,1853,3/3/2020,February
Februayr 1601 car feeding obs4.csv,0,16.104,406.242,307.455,0,0,0,116.383,0,0,0,50.439,0,0,1601,2/26/2020,February
March 1600 car feeding obs1.csv,0,27.318,133.399,493.045,9.099,0,0,236.984,0,0,0,0,0,0,1600,3/4/2020,March
March 1600 car feeding obs2.csv,0,0,164.34,496.649,0,0,0,235.899,0,0,0,0,0,0,1600,3/13/2020,March
March 1600 car feeding obs3.csv,0,0,117.505,360.223,0,0,39.939,382.231,0,0,0,0,0,0,1600,3/18/2020,March
March 1600 car feeding obs4.csv,0,8.008,138.48,299.154,0,0,0,121.692,0,0,0,332.572,0,0,1600,3/23/2020,March
March 1601 car feeding obs1.csv,0,7.902,99.883,516.467,0,0,0,272.616,0,0,0,3.002,0,0,1601,3/4/2020,March
March 1601 car feeding obs2.csv,0,16.311,104.983,495.437,0,0,0,277.895,0,0,0,5.203,0,0,1601,3/13/2020,March
March 1601 car feeding obs3.csv,0,10.605,331.689,351.879,0,0,0,147.718,0,0,0,54.347,3.104,0,1601,3/23/2020,March
March 1601 car feeding obs4.csv,0,12.301,110.894,373.842,0,0,0,373.837,0,0,0,0,0,0,1601,3/26/2020,March
March 1602 car feeding obs1.csv,0,0,27.017,517.364,0,0,0,335.988,0,0,0,19.518,0,0,1602,3/4/2020,March
March 1602 car feeding obs2.csv,0,6.303,172.74,429.482,0,0,0,291.346,0,0,0,0,0,0,1602,3/13/2020,March
March 1602 car feeding obs3.csv,0,4.202,333.302,290.239,0,4.905,0,260.427,0,0,0,0,0,0,1602,3/23/2020,March
March 1610 car feeding obs1.csv,0,8.504,188.459,406.247,0,0,0,235.592,0,0,0,61.056,0,0,1610,3/4/2020,March
March 1610 car feeding obs2.csv,0,31.421,393.021,357.901,0,0,0,112.174,0,0,0,5.307,0,0,1610,3/13/2020,March
March 1610 car feeding obs3.csv,0,0,173.442,321.991,0,0,232.933,160.338,0,0,0,11.209,0,0,1610,3/18/2020,March
March 1610 car feeding obs4.csv,0,11.704,255.102,522.186,0,0,0,103.379,0,0,0,7.507,0,0,1610,3/23/2020,March
March 1617 car feeding obs1.csv,0,15.113,432.183,336.878,0,0,0,53.833,0,0,0,61.854,0,0,1617,3/4/2020,March
March 1617 car feeding obs2.csv,0,49.926,479.71,248.626,0,0,0,114.378,0,0,0,5.207,0,0,1617,3/13/2020,March
March 1617 car feeding obs3.csv,0,23.111,285.543,406.145,0,0,0,174.026,0,0,0,11.007,0,0,1617,3/23/2020,March
March 1617 car feeding obs4.csv,0,36.33,103.68,315.476,0,0,0,334.209,0,0,0,106.9,0,0,1617,3/26/2020,March
March 1622 car feeding obs1.csv,0,32.416,229.597,466.911,0,0,0,137.706,0,0,0,31.627,0,0,1622,3/4/2020,March
March 1622 car feeding obs2.csv,0,17.104,176.741,505.263,0,0,0,179.551,0,0,0,21.216,0,0,1622,3/13/2020,March
March 1622 car feeding obs3.csv,0,3.905,402.454,367.005,0,0,0,102.182,0,0,0,24.322,0,0,1622,3/23/2020,March
March 1622 car feeding obs4.csv,0,0,24.61,655.718,0,0,0,219.609,0,0,0,0,0,0,1622,3/26/2021,March
March 1623 car feeding obs1.csv,0,18.911,489.737,316.159,0,0,0,71.249,0,0,0,0,0,0,1623,3/4/2020,March
March 1623 car feeding obs2.csv,0,0,90.972,481.652,0,0,0,322.782,0,0,0,4.504,0,0,1623,3/13/2020,March
March 1623 car feeding obs3.csv,0,27.618,234.198,389.651,0,0,24.425,223.998,0,0,0,0,0,0,1623,3/18/2020,March
March 1623 car feeding obs4.csv,0,14.611,273.211,523.479,0,0,0,73.14,0,0,0,15.414,0,0,1623,3/23/2020,March
March 1703 car feeding obs1.csv,0,4.999,716.077,151.108,0,0,0,19.004,0,0,0,8.705,0,0,1703,3/4/2020,March
March 1703 car feeding obs2.csv,0,15.509,644.798,219.871,0,0,0,8.506,0,0,0,11.209,0,0,1703,3/13/2020,March
March 1703 car feeding obs3.csv,0,11.704,512.979,272.221,0,0,0,71.465,0,0,0,25.822,0,0,1703,3/18/2020,March
March 1703 car feeding obs4.csv,0,14.411,549.616,287.757,0,0,0,17.711,0,0,0,30.425,0,0,1703,3/23/2020,March
March 1802 car feeding obs1.csv,0,2,243.188,473.816,0,0,0,127.694,0,0,0,53.152,0,0,1802,3/4/2020,March
March 1802 car feeding obs2.csv,0,0,0,0,0,0,0,0,0,0,0,900,0,0,1802,3/13/2020,March
March 1802 car feeding obs3.csv,0,0,0,0,0,0,0,0,0,0,0,900,0,0,1802,3/18/2020,March
March 1802 car feeding obs4.csv,0,30.52,224.103,598.557,0,0,0,34.921,0,0,0,11.812,0,0,1802,3/23/2020,March
March 1803 car feeding obs1.csv,0,0,32.121,441.886,0,0,0,425.854,0,0,0,0,0,0,1803,3/4/2020,March
March 1803 car feeding obs2.csv,0,4.205,243.917,538.89,0,0,0,85.457,0,0,0,27.415,0,0,1803,3/13/2020,March
March 1803 car feeding obs3.csv,0,6.601,336.407,447.087,0,0,0,89.079,0,0,0,7.604,0,0,1803,3/23/2020,March
March 1803 car feeding obs4.csv,0,0,26.317,412.366,0,0,0,454.426,0,0,0,0,0,0,1803,3/26/2020,March
March 1820 car feeding obs1.csv,0,7.802,246.335,317.556,0,0,71.97,218.583,0,0,0,37.634,0,0,1820,3/4/2020,March
March 1820 car feeding obs2.csv,0,108.774,592.043,85.971,1.503,0,0,109.783,0,0,0,1.801,0,0,1820,3/13/2020,March
March 1820 car feeding obs3.csv,0,33.513,646.314,126.007,0,0,0,87.667,0,0,0,0,0,0,1820,3/23/2020,March
March 1820 car feeding obs4.csv,0,39.429,253.919,257.934,0,0,13.014,292.664,0,0,0,42.941,0,0,1820,4/3/2020,March
March 1841 car feeding obs1.csv,0,4.501,278.733,255.411,0,0,35.434,289.756,0,0,0,35.432,0,0,1841,3/4/2020,March
March 1841 car feeding obs2.csv,0,20.515,340.277,360.627,0,0,0,166.629,0,0,0,9.708,0,0,1841,3/13/2020,March
March 1841 car feeding obs3.csv,0,0,152.926,378.748,0,0,0,356.602,0,0,0,11.61,0,0,1841,3/23/2020,March
March 1841 car feeding obs4.csv,0,6.807,312.579,273.338,0,0,7.807,299.363,0,0,0,0,0,0,1841,4/4/2020,March
March 1842 car feeding obs1.csv,0,0,4.803,589.328,0,0,0,296.658,0,0,0,0,0,0,1842,3/4/2020,March
March 1842 car feeding obs2.csv,0,0,8.004,489.73,0,0,0,402.162,0,0,0,0,0,0,1842,3/13/2020,March
March 1842 car feeding obs3.csv,0,0,43.824,477.602,0,0,0,378.435,0,0,0,0,0,0,1842,3/18/2020,March
March 1842 car feeding obs4.csv,0,0,8.105,448.488,0,0,0,440.796,0,0,0,0,0,0,1842,3/23/2020,March
March 1850 car feeding obs1.csv,0,0,30.124,485.038,0,0,0,382.931,0,0,0,0,0,0,1850,3/4/2020,March
March 1850 car feeding obs2.csv,0,27.615,104.386,436.896,0,0,75.977,248.217,0,0,0,6.806,0,0,1850,3/13/2020,March
March 1850 car feeding obs3.csv,0,5.001,114.993,611.579,0,0,0,164.238,0,0,0,2.202,0,0,1850,3/23/2020,March
March 1850 car feeding obs4.csv,0,0,5.103,407.477,0,0,0,475.855,0,0,0,0,0,0,1850,3/26/2020,March
March 1851 car feeding obs1.csv,0,26.22,201.571,481.154,0,0,0,182.348,0,0,0,8.606,0,0,1851,3/4/2020,March
March 1851 car feeding obs2.csv,0,42.024,248.315,362.947,0,0,126.126,117.101,0,0,0,3.4,0,0,1851,3/13/2020,March
March 1851 car feeding obs3.csv,0,29.921,275.151,307.477,0,0,0,233.514,0,0,0,53.85,0,0,1851,3/18/2020,March
March 1851 car feeding obs4.csv,0,23.516,430.286,317.194,0,0,0,119.391,0,0,0,9.509,0,0,1851,3/23/2020,March
March 1853 car feeding obs1.csv,1.099,16.008,298.972,375.322,0,0,0,162.532,27.222,0,0,18.715,0,0,1853,3/4/2020,March
March 1853 car feeding obs2.csv,0,30.319,128.4,467.838,0,0,0,273.32,0,0,0,0,0,0,1853,3/13/2020,March
March 1853 car feeding obs3.csv,0,19.306,276.654,152.634,0,0,0,200.357,248.228,2.701,0,0,0,0,1853,3/18/2020,March
March 1853 car feeding obs4.csv,0,28.713,422.057,244.318,0,0,0,135.1,20.719,0,0,48.941,0,0,1853,3/23/2020,March
March 1602 car feeding obs4.csv,0,0,25.112,205.27,0,17.618,194.594,317.702,0,0,0,139.634,0,0,1602,3/26/2020,March
April 1600 car feeding obs1.csv,0,6.004,174.85,281.828,0,27.326,0,409.863,0,0,0,0,0,0,1600,4/3/2020,April
April 1600 car feeding obs2.csv,0,6.005,37.834,353.7,0,0,0,498.941,0,0,0,0,0,0,1600,4/7/2020,April
April 1600 car feeding obs3.csv,0,11.609,330.879,286.06,0,25.021,0,243.687,0,0,2.602,0,0,0,1600,4/8/2020,April
April 1600 car feeding obs4.csv,0,14.305,244.21,345.514,0,0,0,237.705,0,0,30.229,27.92,0,0,1600,4/14/2020,April
April 1601 car feeding obs1.csv,0,20.609,98.674,485.643,0,0,0,244.604,0,0,0,31.429,0,0,1601,4/3/2020,April
April 1601 car feeding obs2.csv,0,17.504,328.282,313.281,0,0,7.504,230.598,0,0,0,2.701,0,0,1601,4/8/2020,April
April 1601 car feeding obs3.csv,0,9.807,412.177,218.475,12.508,0,0,160.334,0,0,0,86.579,0,0,1601,4/14/2020,April
April 1601 car feeding obs4.csv,0,17.311,251.621,306.364,0,0,0,110.981,0,0,0,148.431,0,65.161,1601,4/21/2020,April
April 1602 car feeding obs1.csv,0,8.003,278.054,367.213,0,17.617,0,196.963,0,0,0,32.023,0,0,1602,4/3/2020,April
April 1602 car feeding obs2.csv,0,8.505,74.961,220.692,0,0,313.511,273.251,0,0,0,9.006,0,0,1602,4/8/2020,April
April 1602 car feeding obs3.csv,0,7.805,206.789,164.031,10.209,0,264.565,241.217,0,0,5.303,0,0,0,1602,4/14/2020,April
April 1602 car feeding obs4.csv,0,45.03,409.285,200.662,0,0,13.11,144.032,0,18.113,0,69.67,0,0,1602,4/21/2020,April
April 1610 car feeding obs1.csv,0,26.415,201.575,535.072,0,0,0,99.577,0,0,0,37.236,0,0,1610,4/3/2020,April
April 1610 car feeding obs2.csv,0,5.304,255.029,133.414,0,0,250.245,199.386,0,0,0,56.156,0,0,1610,4/7/2020,April
April 1610 car feeding obs3.csv,0,11.709,228.01,43.137,0,0,605.506,11.61,0,0,0,0,0,0,1610,4/8/2020,April
April 1610 car feeding obs4.csv,0,4.202,505.456,262.425,0,0,0,117.296,0,0,0,10.51,0,0,1610,4/14/2020,April
April 1617 car feeding obs1.csv,0,37.529,169.144,428.268,0,2.301,0,189.167,0,0,0,65.958,0,0,1617,4/3/2020,April
April 1617 car feeding obs2.csv,0,21.416,231.389,297.667,0,0,0,308.365,0,0,0,41.035,0,0,1617,4/8/2020,April
April 1617 car feeding obs3.csv,0,24.815,365.81,265.729,7.403,0,0,187.067,0,0,0,34.136,0,0,1617,4/14/2020,April
April 1617 car feeding obs4.csv,0,3.001,212.986,431.796,0,0,0,217.977,0,0,0,32.927,0,0,1617,4/21/2020,April
April 1622 car feeding obs1.csv,0,0,55.144,501.555,0,8.506,0,281.54,0,0,0,53.145,0,0,1622,4/3/2020,April
April 1622 car feeding obs2.csv,0,46.235,297.372,305.567,0,0,10.905,199.558,0,0,0,29.327,0,0,1622,4/8/2020,April
April 1622 car feeding obs3.csv,0,0,391.672,268.329,0,0,0,103.174,0,0,24.524,112.205,0,0,1622,4/14/2020,April
April 1622 car feeding obs4.csv,0,8.603,434.598,241.209,0,0,3.803,83.668,0,0,0,128.014,0,0,1622,4/21/2020,April
April 1623 car feeding obs1.csv,0,8.202,128.399,447.891,0,0,0,315.385,0,0,0,0,0,0,1623,4/3/2020,April
April 1623 car feeding obs2.csv,0,4.102,66.755,300.678,0,0,0,522.375,0,0,0,6.003,0,0,1623,4/7/2020,April
April 1623 car feeding obs3.csv,0,14.809,270.444,359.114,0,0,17.217,224.808,0,0,0,13.512,0,0,1623,4/8/2020,April
April 1623 car feeding obs4.csv,0,8.307,231.595,396.86,0,0,0,225.787,0,0,0,35.43,0,0,1623,4/14/2020,April
April 1703 car feeding obs1.csv,0,9.501,487.057,321.393,0,0,0,37.631,0,0,0,44.331,0,0,1703,4/3/2020,April
April 1703 car feeding obs2.csv,0,28.218,576.748,48.341,0,0,78.276,20.817,0,0,0,147.531,0,0,1703,4/7/2020,April
April 1703 car feeding obs3.csv,0,16.91,788.365,14.406,0,0,0,9.106,0,0,0,71.158,0,0,1703,4/8/2020,April
April 1703 car feeding obs4.csv,0,12.006,679.651,165.444,0,0,0,37.624,0,0,0,5.205,0,0,1703,4/14/2020,April
April 1802 car feeding obs1.csv,0,2.401,159.631,564.022,0,0,0,149.014,0,0,0,20.416,0,0,1802,4/3/2020,April
April 1802 car feeding obs2.csv,0,0,0,445.122,0,0,0,52.231,0,0,0,75.277,0,0,1802,4/7/2020,April
April 1802 car feeding obs3.csv,0,0,5.704,785.155,0,0,0,102.075,0,0,0,5.903,0,0,1802,4/9/2020,April
April 1802 car feeding obs4.csv,0,19.911,290.956,463.321,0,0,0,81.162,0,0,0,43.433,0,0,1802,4/17/2020,April
April 1803 car feeding obs1.csv,0,3.102,154.833,511.553,0,0,0,199.281,0,0,0,22.117,0,0,1803,4/3/2020,April
April 1803 car feeding obs2.csv,0,2.299,312.7,384.926,0,0,0,98.975,0,0,0,100.992,0,0,1803,4/14/2020,April
April 1803 car feeding obs3.csv,0,6.405,472.632,230.314,0,0,0,137.827,0,0,0,52.748,0,0,1803,4/21/2020,April
April 1803 car feeding obs4.csv,0,6.006,369.248,163.337,0,0,0,171.465,0,0,0,189.884,0,0,1803,4/22/2020,April
April 1820 car feeding obs1.csv,0,33.126,305.185,236.618,0,0,0,262.335,0,0,0,62.657,0,0,1820,4/7/2020,April
April 1820 car feeding obs2.csv,0,28.021,176.053,132.421,8.902,0,295.193,159.734,4.903,0,0,94.692,0,0,1820,4/8/2020,April
April 1820 car feeding obs3.csv,0,32.223,182.16,187.455,0,0,0,153.334,0,0,0,344.743,0,0,1820,4/17/2020,April
April 1820 car feeding obs4.csv,0,50.237,162.044,122.41,0,0,5.205,101.89,2.703,0,0,455.453,0,0,1820,4/21/2020,April
April 1841 car feeding obs1.csv,0,7.203,113.591,234.191,0,0,0,544.908,0,0,0,0,0,0,1841,4/7/2020,April
April 1841 car feeding obs2.csv,0,14.912,495.352,146.329,0,0,0,176.944,0,0,0,66.362,0,0,1841,4/8/2020,April
April 1841 car feeding obs3.csv,0,5.303,480.946,121.803,0,0,0,251.617,0,0,0,40.235,0,0,1841,4/17/2020,April
April 1841 car feeding obs4.csv,0,11.11,305.785,82.874,0,0,373.473,126.716,0,0,0,0,0,0,1841,4/21/2020,April
April 1842 car feeding obs1.csv,0,0,28.223,646.109,0,2.302,0,223.287,0,0,0,0,0,0,1842,4/3/2020,April
April 1842 car feeding obs2.csv,0,12.409,492.953,217.899,0,0,0,44.911,0,0,0,131.725,0,0,1842,4/7/2020,April
April 1842 car feeding obs3.csv,0,17.006,419.387,247.218,0,0,0,198.577,0,0,0,15.411,0,0,1842,4/8/2020,April
April 1842 car feeding obs4.csv,0,0,77.359,516.474,0,3.604,0,257.393,0,0,0,0,0,0,1842,4/14/2020,April
April 1850 car feeding obs1.csv,0,0,55.454,562.104,0,0,0,216.887,0,0,0,65.463,0,0,1850,4/3/2020,April
April 1850 car feeding obs2.csv,0,8.004,157.238,190.359,0,0,376.677,165.453,0,0,0,2.201,0,0,1850,4/14/2020,April
April 1850 car feeding obs3.csv,0,11.706,181.261,85.269,4.505,0,501.6,115.6,0,0,0,0,0,0,1850,4/21/2020,April
April 1850 car feeding obs4.csv,0,11.508,86.775,77.172,0,0,601.097,123.411,0,0,0,0,0,0,1850,4/24/2020,April
April 1851 car feeding obs1.csv,0,17.81,440.104,250.937,0,0,0,179.847,0,0,0,11.209,0,0,1851,4/3/2020,April
April 1851 car feeding obs2.csv,0,14.211,295.877,302.273,0,0,0,246.43,0,0,0,41.135,0,0,1851,4/7/2020,April
April 1851 car feeding obs3.csv,0,4.601,229.625,80.673,0,0,121.922,18.715,0,0,0,6.004,0,0,1851,4/8/2020,April
April 1851 car feeding obs4.csv,0,24.316,479.059,292.447,0,0,0,78.646,0,0,0,25.418,0,0,1851,4/14/2020,April
April 1853 car feeding obs1.csv,0,46.336,292.649,194.772,0,0,0,191.642,92.087,0,0,59.058,0,0,1853,4/3/2020,April
April 1853 car feeding obs2.csv,0,20.321,187.357,136.024,0,0,0,153.616,77.068,0,0,0,0,0,1853,4/7/2020,April
April 1853 car feeding obs3.csv,0,33.631,546.107,88.363,0,0,0,101.679,123.209,0,6.406,0.5,0,0,1853,4/9/2020,April
April 1853 car feeding obs4.csv,0,25.324,610.171,102.677,0,0,0,119.984,41.74,0,0,0,0,0,1853,4/17/2020,April
May 1600 car feeding obs1 moving.csv,0,0,0,441.888,0,8.209,0,442.285,0,0,0,0,0,0,1600,5/1/2020,May
May 1600 car feeding obs2.csv,0,9.704,446.409,256.424,0,2.701,0,167.922,0,0,0,16.717,0,0,1600,5/4/2020,May
May 1600 car feeding obs3.csv,0,0,41.531,568.302,0,0,0,288.959,0,0,0,1.102,0,0,1600,5/6/2020,May
May 1600 car feeding obs4.csv,0,0,43.545,549.677,0,0,0,306.669,0,0,0,0,0,0,1600,5/8/2020,May
May 1601 car feeding obs1.csv,0,2.301,305.592,226.901,0,0,0,136.419,0,0,0,137.633,0,87.284,1601,5/8/2020,May
May 1601 car feeding obs2.csv,0,32.421,300.382,230.082,0,0,0,158.743,0,0,12.912,163.461,0,0,1601,5/11/2020,May
May 1601 car feeding obs3.csv,0,3.102,273.955,236.91,0,0,0,251.887,0,0,0,134.036,0,0,1601,5/15/2020,May
May 1601 car feeding obs4.csv,0,11.607,197.46,184.058,0,0,0,189.36,0,0,0,317.412,0,0,1601,5/18/2020,May
May 1602 car feeding obs1.csv,0,20.911,232.521,177.352,0,0,281.781,153.023,0,0,4.105,0,0,0,1602,5/8/2020,May
May 1602 car feeding obs2.csv,0,39.025,545.508,101.277,0,0,0,214.102,0,0,0,0,0,0,1602,5/11/2020,May
May 1602 car feeding obs3.csv,0,6.003,287.648,187.779,0,0,0,409.278,0,0,2.501,0,0,0,1602,5/15/2020,May
May 1602 car feeding obs4.csv,0,27.815,82.163,245.01,0,0,0,544.918,0,0,0,0,0,0,1602,5/18/2020,May
May 1610 car feeding obs1.csv,0,49.149,415.578,313.58,0,0,0,84.759,0,0,5.604,11.501,0,6.407,1610,5/1/2020,May
May 1610 car feeding obs2.csv,0,9.22,288.945,281.264,0,0,8.07,312.421,0,0,0,0,0,0,1610,5/4/2020,May
May 1610 car feeding obs3.csv,0,0,11.308,840.936,0,0,0,34.027,0,0,0,13.711,0,0,1610,5/6/2020,May
May 1610 car feeding obs4.csv,0,25.619,77.159,440.106,0,0,0,289.457,0,0,15.814,50.949,0,0,1610,5/8/2020,May
May 1617 car feeding obs1.csv,0,11.204,135.021,502.97,0,0,0,187.162,0,0,6.1,56.343,0,0,1617,5/8/2020,May
May 1617 car feeding obs2.csv,0,0,31.83,221.889,0,0,293.396,336.603,0,0,0,16.216,0,0,1617,5/11/2020,May
May 1617 car feeding obs3.csv,0,6.394,309.267,311.394,0,0,0,238.094,0,0,0,34.739,0,0,1617,5/15/2020,May
May 1617 car feeding obs4.csv,0,9.405,158.733,272.337,0,0,0,440.68,0,0,0,18.714,0,0,1617,5/18/2020,May
May 1622 car feeding obs1.csv,0,10.31,385.452,261.515,0,0,0,233.683,0,0,0,8.907,0,0,1622,5/8/2020,May
May 1622 car feeding obs2.csv,0,3.697,382.242,156.632,0,0,0,76.844,0,0,0,280.473,0,0,1622,5/11/2020,May
May 1622 car feeding obs3.csv,0,6.904,255.534,244.392,0,4.205,0,210.493,0,0,0,178.372,0,0,1622,5/15/2020,May
May 1622 car feeding obs4.csv,0,23.512,344.189,186.851,0,0,0,217.971,0,0,0,127.325,0,0,1622,5/18/2020,May
May 1623 car feeding obs1 moving.csv,0,29.021,117.788,513.372,0,10.313,0,199.459,0,0,0,13.21,0,0,1623,5/1/2020,May
May 1623 car feeding obs2.csv,0,22.211,262.027,438.899,0,0,0,148.422,0,0,0,28.326,0,0,1623,5/4/2020,May
May 1623 car feeding obs3.csv,0,17.214,192.063,413.479,0,0,19.92,240.398,0,0,1.5,7.808,0,0,1623,5/6/2020,May
May 1623 car feeding obs4.csv,0,15.114,161.246,443.205,0,0,0,274.125,0,0,0,4.199,0,0,1623,5/8/2020,May
May 1703 car feeding obs1.csv,0,26.817,610.177,168.75,0,0,0,49.839,0,0,0,8.508,0,0,1703,5/1/2020,May
May 1703 car feeding obs2.csv,0,17.112,636.6,149.734,0,0,0,79.265,0,0,0,13.113,0,0,1703,5/4/2020,May
May 1703 car feeding obs3.csv,0,0,4.505,96.483,0,0,691.293,57.65,0,0,17.716,32.331,0,0,1703,5/6/2020,May
May 1703 car feeding obs4.csv,0,14.515,361.629,255.322,0,0,0,238.021,0,0,0,30.427,0,0,1703,5/8/2020,May
May 1802 car feeding obs1 moving.csv,0,0,72.866,684.451,0,0,0,110.781,0,0,0,26.518,0,0,1802,5/1/2020,May
May 1802 car feeding obs2 moving.csv,0,0,0,65.558,0,0,0,27.622,0,0,0,0,0,0,1802,5/4/2020,May
May 1802 car feeding obs3.csv,0,0,0,0,0,0,0,0,0,0,0,202.202,0,0,1802,5/6/2020,May
May 1802 car feeding obs4.csv,0,0,0,0,0,0,0,0,0,0,0,171,0,0,1802,5/11/2020,May
May 1803 car feeding obs1.csv,0,5.199,330.296,201.348,0,0,0,227.824,0,0,23.32,108.909,0,0,1803,5/8/2020,May
May 1803 car feeding obs2.csv,0,0,178.168,308.98,0,0,0,282.915,0,0,0,127.54,0,0,1803,5/11/2020,May
May 1803 car feeding obs3.csv,0,4.503,271.662,313.264,0,0,0,276.557,0,0,4.502,29.427,0,0,1803,5/15/2020,May
May 1803 car feeding obs4.csv,0,8.004,303.157,176.133,0,0,0,253.112,0,0,0,142.934,0,0,1803,5/18/2020,May
May 1820 car feeding obs1 Moving.csv,0,43.935,196.764,159.441,0,0,0,158.426,69.256,259.216,0,8.107,0,0,1820,5/1/2020,May
May 1820 car feeding obs2 moving.csv,0,26.624,186.561,83.167,0,0,0,100.883,45.638,94.275,357.557,5.203,0,0,1820,5/4/2020,May
May 1820 car feeding obs3.csv,0,80.552,191.767,73.067,0,0,265.267,101.887,61.342,33.527,0,92.49,0,0,1820,5/6/2020,May
May 1820 car feeding obs4.csv,0,34.2,292.096,150.705,0,0,10.759,254.59,14.601,43.042,11.526,88.385,0,0,1820,5/8/2020,May
May 1841 car feeding obs1 moving.csv,0,0,0,133.516,0,0,465.363,281.866,0,0,10.208,9.011,0,0,1841,5/1/2020,May
May 1841 car feeding obs2 moving.csv,0,0,0,323.979,0,0,0,495.454,0,0,0,80.476,0,0,1841,5/4/2020,May
May 1841 car feeding obs3.csv,0,0,66.047,364.933,0,0,0,429.898,0,0,0,39.033,0,0,1841,5/6/2020,May
May 1841 car feeding obs4 moving.csv,0,6.142,22.285,312.723,0,0,0,556.859,0,0,0,0,0,0,1841,5/8/2020,May
May 1842 car feeding obs1.csv,0,0,199.994,530.084,0,0,0,157.828,0,0,0,12.012,0,0,1842,5/1/2020,May
May 1842 car feeding obs2.csv,0,0,5.405,246.723,0,0,315.513,332.297,0,0,0,0,0,0,1842,5/4/2020,May
May 1842 car feeding obs3.csv,0,0,13.911,489.737,0,0,0,394.762,0,0,0,0,0,0,1842,5/6/2020,May
May 1842 car feeding obs4.csv,0,0,3.1,595.952,0,0,0,288.172,0,0,0,8.707,0,0,1842,5/8/2020,May
May 1850 car feeding obs1.csv,0,11.298,278.75,255.132,0,0,0,216.793,0,0,0,137.938,0,0,1850,5/8/2020,May
May 1850 car feeding obs2.csv,0,19.621,299.459,309.749,0,0,0,211.802,0,0,0,59.258,0,0,1850,5/11/2020,May
May 1850 car feeding obs3.csv,0,15.113,326.5,337.087,0,0,0,111.99,17.211,39.934,0,51.044,0,0,1850,5/15/2020,May
May 1850 car feeding obs4.csv,0,9.71,257.042,235.2,0,0,0,382.537,0,0,0,15.414,0,0,1850,5/18/2020,May
May 1851 car feeding obs1.csv,0,26.319,168.045,606.781,0,0,0,91.887,0,0,0,1.502,0,0,1851,5/1/2020,May
May 1851 car feeding obs2.csv,0,23.811,378.444,269.654,0,0,0,228.008,0,0,0,0,0,0,1851,5/4/2020,May
May 1851 car feeding obs3.csv,0,20.414,202.183,350.216,0,0,1.601,230.307,0,0,9.007,86.185,0,0,1851,5/6/2020,May
May 1851 car feeding obs4.csv,0,9.206,167.157,398.044,0,0,0,298.684,0,0,10.509,14.812,0,0,1851,5/8/2020,May
May 1853 car feeding obs1 moving.csv,0,23.621,303.877,226.677,0,0,0,196.942,103.099,25.719,0,19.919,0,0,1853,5/1/2020,May
May 1853 car feeding obs2 moving.csv,0,12.412,25.222,7.904,0,0,0,2.6,45.04,2.7,0,0,0,0,1853,5/4/2020,May
May 1853 car feeding obs3.csv,0,20.419,35.423,48.24,0,0,0,40.329,51.847,5.003,0,0,0,0,1853,5/6/2020,May
May 1853 car feeding obs4 moving.csv,0,10.908,13.11,41.536,0,0,0,14.918,17.015,1.001,0,10.009,0,0,1853,5/11/2020,May
June 1600 car feeding obs1 moving.csv,0,0,0,445.582,11.109,0,0,443.193,0,0,0,0,0,0,1600,6/8/2020,June
June 1600 car feeding obs2 moving.csv,0,0,2.299,362.01,0,0,0,532.875,0,0,0,2.704,0,0,1600,6/10/2020,June
June 1600 car feeding obs3.csv,0,6.403,292.822,336.101,0,0,0,253.931,0,0,0,10.607,0,0,1600,6/15/2020,June
June 1600 car feeding obs4 moving.csv,0,0,14.01,532.386,0,0,0,350.58,0,0,0,0,0,0,1600,6/22/2020,June
June 1601 car feeding obs1.csv,0,0,86.479,327.476,0,0,0,475.44,0,0,4.504,4.505,0,0,1601,6/8/2020,June
June 1601 car feeding obs2 moving.csv,0,14.713,31.225,410.163,0,0,0,404.058,0,0,0,0,0,38.237,1601,6/15/2020,June
June 1601 car feeding obs3.csv,0,27.82,221.292,317.687,0,0,0,295.956,0,0,0,37.135,0,0,1601,6/17/2020,June
June 1601 car feeding obs4.csv,0,0,0,115.107,0,0,0,734.828,0,0,0,50.044,0,0,1601,6/22/2020,June
June 1602 car feeding obs1.csv,0,0,9.81,470.538,0,0,0,349.914,0,0,0,69.658,0,0,1602,6/8/2020,June
June 1602 car feeding obs2 moving.csv,0,0,2.608,452.024,0,0,0,408.861,0,0,0,30.331,0,0,1602,6/10/2020,June
June 1602 car feeding obs3 moving.csv,0,0,5.204,541.796,0,0,0,199.667,0,0,0,144.829,0,0,1602,6/15/2020,June
June 1602 car feeding obs4.csv,0,0,10.806,437.701,0,0,0,403.565,0,0,0,47.841,0,0,1602,6/17/2020,June
June 1610 car feeding obs1.csv,0,7.499,245.326,320.201,0,0,0,317.897,0,0,0,9.01,0,0,1610,6/8/2020,June
June 1610 car feeding obs2.csv,0,10.207,416.784,201.279,0,0,49.248,204.072,0,0,18.319,0,0,0,1610,6/15/2020,June
June 1610 car feeding obs3.csv,0,6.703,269.629,367.44,0,0,0,256.14,0,0,0,0,0,0,1610,6/17/2020,June
June 1610 car feeding obs4.csv,0,1.5,68.059,257.743,0,0,0,569.234,0,0,3.403,0,0,0,1610,6/22/2020,June
June 1617 car feeding obs1.csv,0,0,1.899,336.708,0,0,0,298.277,0,0,0,263.058,0,0,1617,6/8/2020,June
June 1617 car feeding obs2 moving.csv,0,0,3.303,511.367,0,0,0,358.207,0,0,0,27.031,0,0,1617,6/10/2020,June
June 1617 car feeding obs3 moving.csv,0,8.005,110.282,644.586,0,0,0,86.664,0,0,0,50.339,0,0,1617,6/15/2020,June
June 1617 car feeding obs4.csv,0,14.808,62.854,437.699,0,0,0,298.368,0,0,0,68.455,0,0,1617,6/17/2020,June
June 1622 car feeding obs1.csv,0,15.514,183.752,384.451,0,0,0,275.519,0,0,0,31.326,0,0,1622,6/8/2020,June
June 1622 car feeding obs2 moving.csv,0,2.599,16.607,588.852,0,0,0,284.733,0,0,0,7.104,0,0,1622,6/15/2020,June
June 1622 car feeding obs3.csv,0,0,23.618,635.499,0,0,0,218.578,0,0,0,13.212,0,0,1622,6/17/2020,June
June 1622 car feeding obs4.csv,0,0,0,374.536,0,0,0,493.077,0,0,0,32.33,0,0,1622,6/22/2020,June
June 1623 car feeding obs1 moving.csv,0,4.101,186.968,404.865,0,0,0,286.65,0,0,0,17.319,0,0,1623,6/8/2020,June
June 1623 car feeding obs2 moving.csv,0,0,0,277.549,0,0,0,616.886,0,0,0,0,0,0,1623,6/10/2020,June
June 1623 car feeding obs3.csv,0,15.511,183.161,448.295,0,0,0,248.701,0,0,0,4.202,0,0,1623,6/15/2020,June
June 1623 car feeding obs4 moving.csv,0,6.905,164.935,394.249,0,0,0,310.698,0,0,0,23.117,0,0,1623,6/22/2020,June
June 1703 car feeding obs1.csv,0,8.505,673.832,155.027,0,0,0,53.542,0,0,0,9.006,0,0,1703,6/8/2020,June
June 1703 car feeding obs2.csv,0,19.716,574.953,224.991,0,0,0,67.153,0,0,0,13.109,0,0,1703,6/15/2020,June
June 1703 car feeding obs3.csv,0,10.809,709.582,122.917,0,0,0,45.931,0,0,0,10.71,0,0,1703,6/17/2020,June
June 1703 car feeding obs4.csv,0,2.205,346.717,395.849,0,0,0,134.628,0,0,0,20.517,0,0,1703,6/22/2020,June
June 1802 car feeding obs1 moving.csv,0,0,0,161.346,0,0,0,59.338,0,0,0,0,0,0,1802,6/8/2020,June
June 1802 car feeding obs2 moving.csv,0,0,0,55.275,0,0,0,31.525,0,0,0,0,0,0,1802,6/17/2020,June
June 1802 car feeding obs3 moving.csv,0,0,0,196.982,0,0,0,44.627,0,0,0,0,0,0,1802,6/22/2020,June
June 1802 car feeding obs4 moving.csv,0,0,0,204.43,0,0,0,26.504,0,0,0,0,0,0,1802,6/24/2020,June
June 1803 car feeding obs1.csv,0,7.603,497.349,341.083,0,0,0,35.718,0,0,0,18.117,0,0,1803,6/17/2020,June
June 1803 car feeding obs2.csv,0,0,54.561,596.774,0,0,0,241.685,0,0,0,6.915,0,0,1803,6/24/2020,June
June 1803 car feeding obs3.csv,0,2.602,549.213,235.797,0,0,0,93.476,0,0,0,16.912,0,0,1803,6/25/2020,June
June 1803 car feeding obs4.csv,0,5.758,412.682,99.898,0,0,91.491,263.604,0,0,0,26.512,0,0,1803,6/29/2020,June
June 1820 car feeding obs1 moving.csv,0,0,136.618,372.527,0,0,8.307,165.238,37.429,170.763,0,4.503,0,0,1820,6/8/2020,June
June 1820 car feeding obs2 moving.csv,0,45.736,158.544,161.85,0,0,28.526,156.543,223.301,59.042,0,62.662,0,0,1820,6/17/2020,June
June 1820 car feeding obs3.csv,0,40.324,217.286,92.784,0,0,0,81.368,287.568,80.178,0,98.898,0,0,1820,6/22/2020,June
June 1820 car feeding obs4 moving.csv,0,0,74.153,145.218,0,0,0,183.107,111.818,176.844,0,208.787,0,0,1820,6/24/2020,June
June 1841 car feeding obs1 moving.csv,0,0,0,424.585,0,0,0,449.308,0,0,0,24.121,0,0,1841,6/8/2020,June
June 1841 car feeding obs2 moving.csv,0,0,145.532,387.341,0,0,0,347.53,0,0,0,18.118,0,0,1841,6/17/2020,June
June 1841 car feeding obs3.csv,0,0,4.202,376.351,0,0,0,519.385,0,0,0,0,0,0,1841,6/22/2020,June
June 1841 car feeding obs4 moving.csv,0,0,71.081,345.99,0,0,0,430.591,0,0,0,52.257,0,0,1841,6/24/2020,June
June 1842 car feeding obs1.csv,0,0,42.533,438.801,0,0,0,418.57,0,0,0,0,0,0,1842,6/8/2020,June
June 1842 car feeding obs2.csv,0,0,10.81,280.273,0,0,0,586.84,0,0,0,22.021,0,0,1842,6/15/2020,June
June 1842 car feeding obs3.csv,0,0,9.406,440.797,0,0,0,444.806,0,0,0,0,0,0,1842,6/17/2020,June
June 1842 car feeding obs4.csv,0,0,8.405,484.843,0,0,0,406.668,0,0,0,0,0,0,1842,6/22/2020,June
June 1850 car feeding obs1.csv,0,19.512,372.826,304.376,0,0,88.786,39.134,2.701,29.225,0,42.236,0,0,1850,6/17/2020,June
June 1850 car feeding obs2.csv,0,24.493,98.348,195.225,0,0,219.034,262.73,44.949,31.311,0,23.819,0,0,1850,6/24/2020,June
June 1850 car feeding obs3.csv,0,14.609,337.307,290.05,0,0,0,192.962,29.122,2.7,0,20.019,0,0,1850,6/25/2020,June
June 1850 car feeding obs4.csv,0,12.286,141.387,214.015,0,0,211.38,213.637,49.945,15.369,3.457,38.418,0,0,1850,6/29/2020,June
June 1851 car feeding obs1.csv,0,21.114,221.498,282.745,0,0,0,374.557,0,0,0,0,0,0,1851,6/8/2020,June
June 1851 car feeding obs2.csv,0,24.215,506.445,175.359,0,0,0,83.669,68.763,39.231,0,2.203,0,0,1851,6/15/2020,June
June 1851 car feeding obs3.csv,0,18.314,455.81,198.684,0,0,0,220.799,0,0,0,0,0,0,1851,6/17/2020,June
June 1851 car feeding obs4.csv,0,33.525,55.543,277.846,0,0,0,367.951,153.047,0,4.203,7.806,0,0,1851,6/22/2020,June
June 1853 car feeding obs1 moving.csv,0,11.009,78.86,33.023,0,0,0,32.331,46.542,12.611,0,0,0,0,1853,6/8/2020,June
June 1853 car feeding obs2 moving.csv,0,66.941,1.899,5.304,0,0,0,0,12.811,0.7,0,0,0,0,1853,6/17/2020,June
June 1853 car feeding obs3 moving.csv,0,48.145,99.171,8.006,0,0,0,25.722,53.05,0,0,0,0,0,1853,6/22/2020,June
June 1853 car feeding obs4 moving.csv,0,8.07,154.378,10.757,0,0,0,5.764,52.256,0,0,0,0,0,1853,6/24/2020,June
July 1600 car feeding obs 1 moving.csv,0,0,21.124,594.302,0,0,0,277.109,0,0,0,6.919,0,0,1600,7/1/2020,July
July 1600 car feeding obs 2 moving.csv,0,0,0,436.669,0,0,1.707,459.307,0,0,0,2.205,0,0,1600,7/6/2020,July
July 1600 car feeding obs 3 moving.csv,0,0,3.077,197.114,0,0,0,63.759,0,0,0,635.999,0,0,1600,7/15/2020,July
July 1600 car feeding obs 4 moving.csv,0,0,19.21,197.821,0,0,0,38.028,0,0,0,644.117,0,0,1600,7/22/2020,July
July 1601 car feeding obs 1.csv,0,0,0,356.794,0,0,0,486.367,0,0,0,19.823,0,0,1601,7/1/2020,July
July 1601 car feeding obs 2.csv,0,6.112,160.615,326.806,0,0,0,86.435,0,0,0,4.504,0,314.405,1601,7/6/2020,July
July 1601 car feeding obs 3.csv,0,19.592,375.478,117.17,0,0,0,51.106,0,0,0,336.535,0,0,1601,7/13/2020,July
July 1601 car feeding obs 4.csv,0,20.803,605.63,53.42,0,0,0,55.364,0,2.7,0,158.365,0,0,1601,7/22/2020,July
July 1602 car feeding obs 1 moving.csv,0,26.581,401.77,313.262,0,0,0,141.729,0,0,0,15.748,0,0,1602,7/1/2020,July
July 1602 car feeding obs 2.csv,0,13.825,493.096,213.9,0,0,0,152.556,0,0,0,24.968,0,0,1602,7/6/2020,July
July 1602 car feeding obs 3 moving.csv,0,0,8.071,216.432,0,0,78.673,183.754,0,0,0,411.485,0,0,1602,7/13/2020,July
July 1602 car feeding obs 4 moving.csv,0,0.764,707.622,145.596,0,0,0,45.918,0,0,0,0,0,0,1602,7/22/2020,July
July 1610 car feeding obs 1.csv,0,11.518,124.957,316.689,8.457,3.078,193.512,215.947,0,0,0,25.749,0,0,1610,7/1/2020,July
July 1610 car feeding obs 2.csv,0,10.671,89.601,209.337,0,0,227.881,350.608,0,0,0,11.81,0,0,1610,7/6/2020,July
July 1610 car feeding obs 3.csv,0,9.027,171.466,183.533,0,0,0,16.998,0,0,0,515.352,0,0,1610,7/13/2020,July
July 1610 car feeding obs 4.csv,0,6.345,120.068,197.773,0,0,0,126.821,0,0,0,448.64,0,0,1610,7/22/2020,July
July 1617 car feeding obs 1 moving.csv,2.496,2.395,376.428,431.113,0,0,0,68.302,0,0,0,19.112,0,0,1617,7/1/2020,July
July 1617 car feeding obs 2.csv,0,27.91,438.979,230.99,0,0,0,188.162,0,0,0,12.408,0,0,1617,7/6/2020,July
July 1617 car feeding obs 3 moving.csv,0,0,86.671,379.218,0,0,0,74.465,0,0,0,359.557,0,0,1617,7/13/2020,July
July 1617 car feeding obs 4 moving.csv,0,3.801,765.415,85.573,0,0,0,45.123,0,0,0,0,0,0,1617,7/22/2020,July
July 1622 car feeding obs 1.csv,0,0,0.769,643.276,0,0,0,235.118,0,0,0,11.148,0,0,1622,7/1/2020,July
July 1622 car feeding obs 2.csv,0,0,1.537,669.571,0,0,0,191.069,0,0,0,30.333,0,6.533,1622,7/6/2020,July
July 1622 car feeding obs 3.csv,0,0,28.532,222.836,0,0,0,38.125,0,0,0,610.46,0,0,1622,7/13/2020,July
July 1622 car feeding obs 4.csv,0,4.51,356.529,227.989,0,0,0,74.245,0,0,0,236.625,0,0,1622,7/22/2020,July
July 1623 car feeding obs 1 moving.csv,0,8.798,284.261,495.037,0,0,0,98.478,0,0,0,12.912,0,0,1623,7/1/2020,July
July 1623 car feeding obs 2 moving.csv,0,12.085,178.954,257.992,0,0,275.837,170.976,0,0,0,3.743,0,0,1623,7/6/2020,July
July 1623 car feeding obs 3 moving.csv,0,9.304,608.879,113.077,0,0,0,46.817,0,0,0,119.023,0,0,1623,7/15/2020,July
July 1623 car feeding obs 4 moving.csv,0,5.693,546.617,122.198,0,0,0,30.031,0,0,0,195.386,0,0,1623,7/22/2020,July
July 1703 car feeding obs 1.csv,0,23.523,646.913,160.829,2.499,6.007,2.103,48.113,0,0,0,9.903,0,0,1703,7/1/2020,July
July 1703 car feeding obs 2.csv,0,8.497,461.02,297.653,0,0,0,85.78,0,0,0,45.941,0,0,1703,7/6/2020,July
July 1703 car feeding obs 3.csv,0,5.895,477.374,246.482,0,0,0,51.836,0,0,0,118.318,0,0,1703,NA,July
July 1703 car feeding obs 4.csv,0,8.61,429.105,184.173,0,0,0,4.095,0,0,0,273.968,0,0,1703,7/22/2020,July
July 1802 car feeding obs 1 moving.csv,0,0,0,110.799,0,0,0,47.807,0,0,0,9.798,0,0,1802,7/1/2020,July
July 1802 car feeding obs 2 moving.csv,0,0,0,68.963,0,0,0,37.754,0,0,0,0,0,0,1802,7/6/2020,July
July 1802 car feeding obs 3 moving.csv,0,0,0,54.192,0,0,0,31.875,0,0,0,119.683,0,0,1802,7/13/2020,July
July 1802 car feeding obs 4 moving.csv,0,0,4.026,42.074,0,0,0,0,0,0,0,37.377,0,0,1802,7/22/2020,July
July 1803 car feeding obs 1.csv,0,22.204,672.427,113.488,0,0,0,71.432,0,0,0,20.32,0,0,1803,7/1/2020,July
July 1803 car feeding obs 2.csv,0,15.117,239.157,364.252,0,0,0,252.843,0,0,0,26.032,0,0,1803,7/6/2020,July
July 1803 car feeding obs 4.csv,0,13.204,657.826,141.07,0,0,0,62.755,0,0,0,25.031,0,0,1803,7/22/2020,July
July 1820 car feeding obs 1 moving.csv,0,3.162,50.995,93.062,0,0,0,52.133,25.743,0,0,0,0,0,1820,7/1/2020,July
July 1820 car feeding obs 2 moving.csv,0,2.022,40.917,104.41,0,0,0,59.262,8.057,3.455,0,106.334,0,0,1820,7/13/2020,July
July 1820 car feeding obs 3 moving.csv,0,0.867,75.176,376.826,0,0,0,189.323,16.321,8.064,0,233.228,0,0,1820,7/15/2020,July
July 1820 car feeding obs 4 moving.csv,0,2.015,113.809,423.828,0,0,0,310.953,18.935,1.728,0,28.532,0,0,1820,7/22/2020,July
July 1841 car feeding obs 1 moving.csv,0,0.772,41.299,166.946,0,0,0,13.442,0,0,0,1.922,0,0,1841,7/1/2020,July
July 1841 car feeding obs 2 moving.csv,0,0,71.741,137.456,0,0,0,91.446,0,0,0,17.573,0,0,1841,7/13/2020,July
July 1841 car feeding obs 3 moving.csv,0,0,137.456,263.517,0,0,0,54.439,0,0,0,443.731,0,0,1841,7/15/2020,July
July 1841 car feeding obs 4 moving.csv,0,0.769,301.248,287.204,0,0,0.864,128.524,0,0,0,181.268,0,0,1841,7/22/2020,July
July 1842 car feeding obs 1.csv,0,0,59.733,379.345,0,0,0,458.008,0,0,0,2.799,0,0,1842,7/1/2020,July
July 1842 car feeding obs 2.csv,0,0,0,435.698,0,0,0,464.212,0,0,0,0,0,0,1842,7/6/2020,July
July 1842 car feeding obs 3.csv,0,0,0,0,0,0,0,32.128,0,0,0,867.87,0,0,1842,7/13/2020,July
July 1842 car feeding obs 4.csv,0,0,0,25.809,0,0,0,148.461,0,0,0,725.722,0,0,1842,7/22/2020,July
July 1850 car feeding obs 1.csv,0,39.023,186.461,246.12,0,0,191.994,196.584,28.815,0,0,10.901,0,0,1850,7/1/2020,July
July 1850 car feeding obs 2.csv,0,24.51,56.537,459.996,0,0,0,306.176,35.022,0,0,16.416,0,0,1850,7/6/2020,July
July 1850 car feeding obs 4.csv,0,24.22,291.804,191.445,0,0,0,313.548,38.504,2.595,0,33.526,0,0,1850,7/22/2020,July
July 1851 car feeding obs 1.csv,0,45.919,314.249,321.201,0,0,0,129.83,77.462,2.706,0,8.506,0,0,1851,7/1/2020,July
July 1851 car feeding obs 2.csv,0,17.619,334.457,349.805,0,0,0,146.001,28.634,2.906,0,19.815,0,0,1851,7/6/2020,July
July 1851 car feeding obs 3.csv,0,20.126,247.3,194.768,0,0,0,118.03,33.921,0,0,285.092,0,0,1851,7/13/2020,July
July 1851 car feeding obs 4.csv,0,8.289,271.49,128.09,0,0,0,349.414,38.424,0,0,94.692,0,0,1851,7/22/2020,July
July 1853 car feeding obs 1 moving.csv,0,15.549,36.032,65.708,0,0,0,3.166,44.362,0,0,0,0,0,1853,7/1/2020,July
July 1853 car feeding obs 2 moving.csv,0,13.622,40.35,16.706,0,0,0,5.756,24.494,0,0,0,0,0,1853,7/6/2020,July
July 1853 car feeding obs 3 moving.csv,0,7.297,125.62,9.218,0,0,0,23.238,34.382,5.955,0,0,0,0,1853,7/13/2020,July
July 1853 car feeding obs 4 moving.csv,0,15.549,38.897,6.44,0,0,0,2.594,10.936,0,0,0,0,0,1853,7/22/2020,July
August 1600 car feeding obs1 moving.csv,0,0,0,137.753,0,0,0,22.076,0,0,0,740.149,0,0,1600,8/5/2020,August
August 1600 car feeding obs2.csv,0,30.01,551.218,189.438,0,0,0,111.367,0,0,0,16.715,0,0,1600,8/7/2020,August
August 1600 car feeding obs3.csv,0,5.674,372.047,191.213,2.876,0,0,141.094,0,0,0,186.95,0,0,1600,8/18/2020,August
August 1600 car feeding obs4 moving.csv,0,0,0,174.664,0,0,79.174,194.483,0,0,0,451.656,0,0,1600,8/27/2020,August
August 1601 car feeding obs1.csv,0,21.137,620.968,53.946,1.538,0,3.457,179.37,0,18.829,0,0,0,0,1601,NA,August
August 1601 car feeding obs2.csv,0,36.58,695.218,100.94,0,0,0,63.952,0,0.863,0,0,0,0,1601,8/24/2020,August
August 1601 car feeding obs3.csv,0,35.813,278.831,366.911,6.43,0,0,70.379,0,121.705,0,19.726,0,0,1601,8/26/2020,August
August 1601 car feeding obs4.csv,0,71.644,375.664,106.517,0,0,0,71.748,0,0,0,274.301,0,0,1601,8/31/2020,August
August 1602 car feeding obs1.csv,0,1.726,104.606,150.027,0,0,474.49,101.328,0,0,0,45.147,0,0,1602,8/7/2020,August
August 1602 car feeding obs2.csv,0,17.033,406.968,108.188,0,0,281.774,66.346,0,0,0,19.626,0,0,1602,8/18/2020,August
August 1602 car feeding obs3 moving.csv,0,0,0,20.357,0,0,752.814,68.57,0,0,0,58.253,0,0,1602,8/26/2020,August
August 1602 car feeding obs4 moving.csv,0,2.102,45.437,97.491,0,0,269.27,231.426,0,0,0,252.449,0,0,1602,8/27/2020,August
August 1610 car feeding obs1.csv,2.114,23.431,126.899,112.361,0,0,195.694,206.832,0,0,0,232.6,0,0,1610,8/7/2020,August
August 1610 car feeding obs2.csv,0,8.646,108.247,178.588,0,0,461.796,15.274,0,0,0,116.168,0,0,1610,8/12/2020,August
August 1610 car feeding obs3.csv,1.299,28.181,218.346,115.849,0,0,59.259,19.314,0,8.107,0,449.555,0,0,1610,8/17/2020,August
August 1610 car feeding obs4.csv,1.301,40.835,406.476,58.134,0,0,218.82,113.515,0,0,0,60.858,0,0,1610,8/31/2020,August
August 1617 car feeding obs1.csv,0,8.913,377.63,149.428,0,0,156.366,34.235,0,3.694,0,167.871,0,0,1617,8/7/2020,August
August 1617 car feeding obs2.csv,1.103,15.352,547.394,113.579,0,0,112.317,34.028,0,0,0,76.176,0,0,1617,8/18/2020,August
August 1617 car feeding obs3 moving.csv,0,7.099,58.835,183.864,0,0,392.286,148.021,0,0,0,109.819,0,0,1617,8/26/2020,August
August 1617 car feeding obs4 moving.csv,0,5.47,108.248,377.623,0,0,0,176.363,0,0,0,232.219,0,0,1617,8/27/2020,August
August 1622 car feeding obs1.csv,0,0,131.599,240.916,0,0,204.904,119.604,0,0,0,202.903,0,0,1622,8/7/2020,August
August 1622 car feeding obs2.csv,0,15.415,402.406,178.077,0,0,0,58.959,0,0,0,245.022,0,0,1622,8/24/2020,August
August 1622 car feeding obs3.csv,0,0,103.14,188.466,0,0,419.821,45.654,0,0,0,141.05,0,0,1622,8/26/2020,August
August 1622 car feeding obs4.csv,0,0,119.116,220.467,0,0,0,163.556,0,0,0,396.788,0,0,1622,8/31/2020,August
August 1623 car feeding obs1 moving.csv,0,38.612,260.527,134.825,0,0,0,114.396,0,0,0,351.532,0,0,1623,8/5/2020,August
August 1623 car feeding obs2.csv,0,19.714,131.804,189.747,0,0,0,50.536,0,0,0,508.098,0,0,1623,8/7/2020,August
August 1623 car feeding obs3.csv,0,29.32,116.286,121.012,0,0,313.315,99.988,0,0,0,220.015,0,0,1623,8/18/2020,August
August 1623 car feeding obs4 moving.csv,0,4.994,30.738,291.483,0,0,0,177.904,0,0,0,393.678,0,0,1623,8/27/2020,August
August 1703 car feeding obs1.csv,0,30.335,415.64,177.539,0,0,0,42.253,0,0,0,234.131,0,0,1703,8/7/2020,August
August 1703 car feeding obs2.csv,0,14.231,480.332,136.031,0,0,0,6.888,0,0,0,262.456,0,0,1703,8/12/2020,August
August 1703 car feeding obs3.csv,0,25.512,385.248,220.802,0,0,0,37.236,0,0,0,228.423,0,0,1703,8/17/2020,August
August 1703 car feeding obs4.csv,0,38.02,678.265,68.568,0,0,0,15.072,0,0,0,99.994,0,0,1703,8/31/2020,August
August 1802 car feeding obs1 moving.csv,0,0,12.101,95.476,0,0,0,9.507,0,0,0,6.913,0,0,1802,NA,August
August 1802 car feeding obs2 moving.csv,0,0,19.598,109.79,0,0,0,17.853,0,0,0,0,0,0,1802,NA,August
August 1802 car feeding obs3 moving.csv,0,0,5.109,50.933,0,0,0,8.51,0,0,0,0,0,0,1802,NA,August
August 1802 car feeding obs4 moving.csv,0,0,17.905,61.663,0,0,0,0,0,0,0,14.91,0,0,1802,NA,August
August 1803 car feeding obs 3.csv,1.602,12.116,614.559,185.21,0,0,0,82.11,0,0,0,4.3,0,0,1803,NA,August
August 1803 car feeding obs1.csv,0,13.902,437.157,193.233,0,0,0,241.484,0,0,0,14.113,0,0,1803,NA,August
August 1803 car feeding obs2.csv,0,22.851,493.466,211.868,0,0,0,167.641,0,0,0,2.88,0,0,1803,NA,August
August 1803 car feeding obs4.csv,0,15.083,352.682,172.095,0,0,75.696,271.216,0,0,0,12.316,0,0,1803,8/24/2020,August
August 1820 car feeding obs1 moving.csv,0,3.166,111.632,204.686,0,0,107.915,228.493,37.091,21.027,0,185.897,0,0,1820,8/7/2020,August
August 1820 car feeding obs2 moving.csv,0,2.88,81.63,409.942,0,0,0,289.306,13.926,8.643,0,90.424,0,0,1820,NA,August
August 1820 car feeding obs3 moving.csv,0,29.332,88.202,90.375,0,0,0,52.483,24.619,1.402,0,159.552,0,0,1820,NA,August
August 1820 car feeding obs4 moving.csv,0,8.06,182.699,99.211,0,0,0,45.8,16.134,0,0,62.268,0,0,1820,NA,August
August 1841 car feeding obs1 moving.csv,0,0,34.284,187.312,0,0,60.424,429.753,0,0,0,187.607,0,0,1841,8/7/2020,August
August 1841 car feeding obs2 moving.csv,0,0,64.837,174.941,0,0,0,384.708,0,0,0,275.455,0,0,1841,NA,August
August 1841 car feeding obs3 moving.csv,0,0,28.412,240.726,0,0,0,92.783,0,0,0,85.457,0,0,1841,NA,August
August 1841 car feeding obs4 moving.csv,0,12.384,151.376,128.182,0,0,0,38.046,0,0,0,65.013,0,0,1841,NA,August
August 1842 car feeding obs1.csv,0,0,0,24.813,0,0,0,25.023,0,0,0,850.151,0,0,1842,8/7/2020,August
August 1842 car feeding obs2.csv,0,0,0,10.308,0,0,0,0,0,0,0,889.69,0,0,1842,8/12/2020,August
August 1842 car feeding obs3.csv,0,0,4.043,108.872,0,0,0,260.32,0,0,0,526.726,0,0,1842,NA,August
August 1842 car feeding obs4.csv,0,1.4,42.735,103.791,0,0,150.65,39.316,0,0,0,560.86,0,0,1842,NA,August
August 1850 car feeding obs1.csv,0,17.282,104.024,113.819,0,0,611.794,31.695,12.962,0,0,8.358,0,0,1850,8/12/2020,August
August 1850 car feeding obs2.csv,0,34.842,139.597,232.863,5.064,0,356.855,72.946,25.377,0,0,32.361,0,0,1850,8/17/2020,August
August 1850 car feeding obs3.csv,0,26.909,82.169,141.793,0,0,305.705,313.634,21.108,0,0,8.608,0,0,1850,8/18/2020,August
August 1850 car feeding obs4.csv,0,9.563,64.942,131.969,0,0,642.539,23.553,16.155,0,0,11.215,0,0,1850,8/24/2020,August
August 1851 car feeding obs 2.csv,0,51.113,274.198,160.463,0.769,0,0,252.378,90.881,5.111,0,56.856,0,0,1851,8/12/2020,August
August 1851 car feeding obs1.csv,0,65.986,208.435,77.493,0,0,417.546,77.809,30.348,13.45,0,8.84,0,0,1851,NA,August
August 1851 car feeding obs3.csv,0,87.859,178.909,233.505,0,0,18.524,221.573,61.657,1.999,0,95.851,0,0,1851,NA,August
August 1851 car feeding obs4.csv,0,52.427,320.568,154.8,0,0,0,154.47,65.689,0,0,151.908,0,0,1851,NA,August
August 1853 car feeding obs1 moving.csv,0,9.207,29.975,29.472,0,0,0,15.569,38.891,0,0,0,0,0,1853,NA,August
August 1853 car feeding obs2 moving.csv,0,6.37,16.712,76.065,0,0,0,27.374,19.594,0,0,0,0,0,1853,NA,August
August 1853 car feeding obs3 moving.csv,0,8.866,28.055,1.298,0,0,0,0.495,15.12,0,0,0,0,0,1853,NA,August
August 1853 car feeding obs4 moving.csv,0,8.067,13.541,42.363,0,0,0,5.753,21.121,0,0,0,0,0,1853,NA,August
September 1600 car feeding obs 1.csv,0,23.102,533.829,133.16,1.105,0,0,147.403,0,5.607,0,55.552,0,0,1600,9/2/2020,September
September 1600 car feeding obs 2 moving.csv,0,0,84.884,124.912,0,0,0,40.918,0,0,0,649.23,0,0,1600,9/9/2020,September
September 1600 car feeding obs 3.csv,0,14.111,570.617,130.893,0,0,0,177.697,0,5.756,0,0.769,0,0,1600,9/18/2020,September
September 1600 car feeding obs 4 moving.csv,0,1.924,36.491,128.034,0,0,0,119.523,0,0,0,590.61,0,0,1600,9/21/2020,September
September 1601 car feeding obs1.csv,0,59.624,565.392,134.551,0,0,0,36.589,0,0,0,103.108,0,0,1601,9/2/2020,September
September 1601 car feeding obs2.csv,0,66.163,503.14,97.774,0,0,0,79.234,0,0,0,152.97,0,0,1601,9/9/2020,September
September 1601 car feeding obs3.csv,0,34.566,352.413,134.184,0,0,4.898,349.168,0,0,0,23.441,0,0,1601,NA,September
September 1601 car feeding obs4.csv,0,45.37,553.637,76.64,0,0,0,96.596,0,0,0,127.63,0,0,1601,9/21/2020,September
September 1602 car feeding obs 1.csv,0,17.784,582.618,117.633,0,0,0,176.66,0,0,0,5.202,0,0,1602,9/2/2020,September
September 1602 car feeding obs 2 moving.csv,0,9.807,423.646,134.783,0,0,0,143.891,0,0,0,183.875,0,0,1602,9/9/2020,September
September 1602 car feeding obs 3 moving.csv,0,0,0,51.347,0,0,326.208,184.099,0,0,0,268.767,0,0,1602,NA,September
September 1602 car feeding obs 4.csv,0,16.781,639.096,44.273,0,0,0,64.433,0,0,0,134.532,0,0,1602,9/30/2020,September
September 1610 car feeding obs 1.csv,0,19.121,195.071,63.225,0,0,0,39.631,0,0,0,529.934,0,0,1610,9/7/2020,September
September 1610 car feeding obs 2.csv,0,22.417,324.781,61.663,0,0,0,38.136,0,0,0,447.747,0,0,1610,9/9/2020,September
September 1610 car feeding obs 3.csv,0,15.156,114.892,94.977,0,0,246.429,102.122,0,0,0,326.366,0,0,1610,9/15/2020,September
September 1610 car feeding obs 4.csv,0,8.3,245.935,88.68,0,0,0,168.453,0,0,0,388.585,0,0,1610,9/23/2020,September
September 1617 car feeding obs1.csv,0,26.721,350.383,107.089,0,0,69.672,191.83,0,0,0,153.219,0,0,1617,NA,September
September 1617 car feeding obs2 moving.csv,0,15.369,300.743,206.425,0,0,0,157.973,0,0,0,218.226,0,0,1617,9/9/2020,September
September 1617 car feeding obs3 moving.csv,0,2.943,102.021,232.45,0,0,0,108.553,0,0,0,267.769,0,0,1617,NA,September
September 1617 car feeding obs4.csv,0,17.857,317.289,116.214,0,0,0,97.402,0,0,0,340.274,0,0,1617,NA,September
September 1622 car feeding obs 1.csv,0,14.125,116.798,195.624,0,0,132.202,114.601,0,0,0,324.126,0,0,1622,9/2/2020,September
September 1622 car feeding obs 2.csv,0,0,16.171,156.496,0,0,0,37.143,0,0,0,689.753,0,0,1622,9/9/2020,September
September 1622 car feeding obs 3.csv,0,2.592,116.718,226.906,0,0,106.311,87.443,0,0,0,359.248,0,0,1622,9/15/2020,September
September 1622 car feeding obs 4.csv,0,9.203,395.281,168.237,0,0,0,91.254,0,0,0,235.929,0,0,1622,9/21/2020,September
September 1623 car feeding obs 3.csv,0,22.718,207.77,125.078,0,0,0,67.846,0,0,0,475.37,0,0,1623,9/18/2020,September
September 1623 car feeding obs1.csv,0,42.541,180.099,126.228,0,0,0,139.666,0,0,0,411.383,0,0,1623,9/2/2020,September
September 1623 car feeding obs2 moving.csv,0,5.206,425.517,136.591,0,0,0,38.227,0,0,0,294.402,0,0,1623,9/9/2020,September
September 1623 car feeding obs4 moving.csv,0,3.003,66.145,132.621,0,0,0,55.445,0,0,0,556.246,0,0,1623,9/21/2020,September
September 1703 car feeding obs 3.csv,0,14.893,488.745,159.251,0,0,0,51.051,0,0,0,185.989,0,0,1703,9/15/2020,September
September 1703 car feeding obs1.csv,0,36.156,461.861,201.301,0,0,0,4.999,0,0,0,195.609,0,0,1703,9/7/2020,September
September 1703 car feeding obs2.csv,0,29.206,629.005,122.696,0,0,0,2.997,0,0,0,115.707,0,0,1703,9/9/2020,September
September 1703 car feeding obs4.csv,0,20.728,588.385,141.795,0,0,0,21.798,0,0,0,127.19,0,0,1703,NA,September
September 1802 car feeding obs 1 moving.csv,0,1.152,25.06,58.5,0,0,0,1.439,0,0,0,31.409,0,0,1802,NA,September
September 1802 car feeding obs 2 moving.csv,0,0,9.503,27.29,0,0,0,0,0,0,0,0,0,0,1802,NA,September
September 1802 car feeding obs 3 moving.csv,0,0,37.738,97.981,0,0,0,0,0,0,0,28.924,0,0,1802,NA,September
September 1803 car feeding obs1.csv,0,9.695,689.288,137.024,0,0,0,40.859,0,0,0,23.021,0,0,1803,9/1/2020,September
September 1803 car feeding obs2.csv,0,15.072,592.635,173.106,0,0,0,82.599,0,0,0,36.495,0,0,1803,9/9/2020,September
September 1803 car feeding obs3.csv,0.576,20.747,628.158,135.764,0,0,0,53.586,0,0,0,37.174,0,0,1803,NA,September
September 1803 car feeding obs4.csv,0,18.73,427.271,148.128,0,0,0,303.202,0,0,0,2.307,0,0,1803,NA,September
September 1820 car feeding obs 1 moving.csv,0,1.923,121.604,314.602,0,0,0,225.319,63.279,25.933,0,146.404,0,0,1820,NA,September
September 1820 car feeding obs 2 moving.csv,0,21.317,123.719,23.676,0,0,0,5.475,9.407,0,0,21.371,0,0,1820,9/9/2020,September
September 1820 car feeding obs 3 moving.csv,0,13.205,238.604,260.393,0,0,0,189.941,49.429,0,0,147.046,0,0,1820,NA,September
September 1820 car feeding obs 4 moving.csv,0,7.85,151.897,334.463,0,0,0,101.66,88.419,0,0,181.245,0,0,1820,NA,September
September 1841 car feeding obs1 moving.csv,0,0,125.73,206.809,0,0,0,415.013,0,0,0,151.206,0,0,1841,NA,September
September 1841 car feeding obs2 moving.csv,0,3.457,45.535,97.487,0,0,0,15.265,0,0,0,42.645,0,0,1841,9/9/2020,September
September 1841 car feeding obs3 moving.csv,0,0,100.357,298.94,0,0,0,28.935,0,0,0,470.87,0,0,1841,NA,September
September 1841 car feeding obs4 moving.csv,0,0,253.505,273.308,0,0,0,140.946,0,0,0,194.523,0,0,1841,NA,September
September 1842 car feeding obs 1.csv,0,1.896,89.682,126.889,0,0,0,448.218,0,0,0,233.245,0,0,1842,9/1/2020,September
September 1842 car feeding obs 3.csv,0,0,0,22.334,0,0,0,0,0,0,0,875.767,0,0,1842,9/15/2020,September
September 1842 car feeding obs 4.csv,0,0,30.329,112.303,0,0,0,80.254,0,0,0,677.081,0,0,1842,9/21/2020,September
September 1842 car feeding obs2.csv,0,31.384,238.722,202.166,0,0,0,82.66,26.529,12.306,0,306.102,0,0,1842,NA,September
September 1850 car feeding obs 1.csv,0.769,40.05,267.208,223.592,0,0,35.642,218.073,32.752,2.877,0,73.105,0,0,1850,9/1/2020,September
September 1850 car feeding obs 2.csv,0,37.198,153.736,315.313,0,0,0,150.762,33.639,0,0,209.222,0,0,1850,9/9/2020,September
September 1850 car feeding obs 3.csv,1.503,14.211,125.521,83.15,0,0,512.508,138.033,23.318,0,0,1.701,0,0,1850,9/15/2020,September
September 1850 car feeding obs 4.csv,0,15.55,66.273,226.603,0,0,64.359,521.377,5.752,0,0,0,0,0,1850,9/21/2020,September
September 1851 car feeding obs 2.csv,0,0,0,42.748,0,0,0,27.852,0,0,0,829.389,0,0,1851,NA,September
September 1851 car feeding obs 3.csv,0,76.439,291.258,223.558,0,0,0,121.88,27.403,0,0,159.258,0,0,1851,NA,September
September 1851 car feeding obs 4.csv,0,32.115,266.032,255.122,0,0,0,78.946,0.998,0,0,266.463,0,0,1851,NA,September
September 1851 car feeding obs1.csv,0,16.744,386.75,186.122,0,0,0,231.495,18.617,1.298,0,56.953,0,0,1851,9/1/2020,September
September 1853 car feeding obs1 moving.csv,0,25.34,40.639,25.941,0,0,0,7.484,16.425,0,0,0,0,0,1853,NA,September
September 1853 car feeding obs2 moving.csv,0,8.938,13.814,0,0,0,0,3.462,7.211,0,0,0,0,0,1853,NA,September
September 1853 car feeding obs3 moving.csv,0,23.426,29.58,53.181,0,0,0,7.669,24.112,0,0,0,0,0,1853,NA,September
September 1853 car feeding obs4 moving.csv,2.4,13.9,42.765,74.096,0,0,0,30.988,45.065,0,0,0,0,0,1853,NA,September
September 1802 car feeding obs 4 moving.csv,0,0.771,44.553,92.598,0,0,0,11.139,0,0,0,62.061,0,0,1802,NA,September
October 1600 car feeding obs 1 moving playback.csv,0,0,2.878,120.046,0,0,0,283.379,0,0,0,493.653,0,0,1600,10/6/2020,October
October 1600 car feeding obs 2 playback.csv,0,0,7.206,130.342,0,0,0,172.854,0,0,0,589.568,0,0,1600,NA,October
October 1600 car feeding obs3 moving playback.csv,0,0.573,13.26,168.139,0,0,0,326.12,0,0,0,391.862,0,0,1600,NA,October
October 1600 car feeding obs4 playback.csv,0,8.446,515.046,137.294,0,0,0,181.761,0,0,0,54.182,0,0,1600,10/26/2020,October
October 1601 car feeding obs1.csv,0,27.104,448.76,88.089,0,0,0,77.709,0,0,0,257.363,0,0,1601,10/6/2020,October
October 1601 car feeding obs2.csv,0.996,18.424,705.853,46.931,0,0,0,126.869,0,0,0,0,0,0,1601,10/13/2020,October
October 1601 car feeding obs3.csv,0,44.419,544.227,100.752,1.2,0,0,117.616,0,0,0,91.591,0,0,1601,10/20/2020,October
October 1601 car feeding obs4.csv,0,25.223,409.538,107.73,0,0,0,130.321,0,0,0,227.025,0,0,1601,10/26/2020,October
October 1602 car feeding obs 1 moving playback.csv,0,0,0,14.696,0,0,804.122,81.177,0,0,0,0,0,0,1602,10/6/2020,October
October 1602 car feeding obs 2 playback.csv,0,0,7.686,33.536,0,0,0,43.3,0,0,0,815.462,0,0,1602,NA,October
October 1602 car feeding obs 3 moving playback.csv,0,0,9.109,161.347,18.324,0,297.798,391.618,0,0,0,20.81,0,0,1602,10/20/2020,October
October 1602 car feeding obs4 playback.csv,16.433,0.765,91.069,70.468,0,19.212,185.903,318.943,0,0,0,196.076,0,0,1602,NA,October
October 1610 car feeding obs 1.csv,0,11.939,132.151,64.384,0,0,0,10.608,0,0,0,680.876,0,0,1610,10/6/2020,October
October 1610 car feeding obs 2.csv,0,12.241,139.592,64.244,0,0,0,208.909,0,0,0,474.97,0,0,1610,10/13/2020,October
October 1610 car feeding obs 3.csv,0,11.985,101.417,80.965,0,0,254.744,450.833,0,0,0,0,0,0,1610,10/20/2020,October
October 1610 car feeding obs4.csv,0,12.393,121.607,36.735,0,0,241.64,115.295,0,0,0,372.277,0,0,1610,10/26/2020,October
October 1617 car feeding obs1 moving playback.csv,0,0,0,254.153,0,0,171.947,317.933,0,0,0,155.912,0,0,1617,NA,October
October 1617 car feeding obs2 playback.csv,0,0,8.906,76.677,0,0,0,60.433,0,0,0,753.958,0,0,1617,NA,October
October 1617 car feeding obs3 moving playback.csv,0,0,0,247.171,15.66,0,233.382,399.125,0,0,0,3.165,0,0,1617,10/20/2020,October
October 1617 car feeding obs4 playback.csv,0,24.22,229.545,249.279,0,24.264,124.625,196.216,0,0,0,51.553,0,0,1617,NA,October
October 1622 car feeding obs 1.csv,0,14.722,251.856,133.143,0,0,0,110.846,0,0,0,389.322,0,0,1622,10/6/2020,October
October 1622 car feeding obs 2.csv,0,19.386,702.642,107.168,0,0,0,70.691,0,0,0,0,0,0,1622,10/13/2020,October
October 1622 car feeding obs 3.csv,0,2.066,80.049,116.376,0,0,0,23.351,0,0,0,678.104,0,0,1622,10/20/2020,October
October 1622 car feeding obs4.csv,0,0,38.33,215.629,0,0,0,206.377,0,0,0,439.605,0,0,1622,10/26/2020,October
October 1623 car feeding obs1 moving playback.csv,0,0,121.832,320.131,0,0,0,240.325,0,0,0,217.597,0,0,1623,10/6/2020,October
October 1623 car feeding obs2 playback.csv,0,0,13.546,166.305,0,0,0,103.643,0,0,0,616.477,0,0,1623,NA,October
October 1623 car feeding obs3 moving playback.csv,4.902,48.766,83.372,186.561,0,0,0,97.843,0,0,0,478.477,0,0,1623,NA,October
October 1623 car feeding obs4 playback.csv,2.5,8.337,174.445,149.844,0,0,0,87.404,0,0,0,477.38,0,0,1623,10/26/2020,October
October 1703 car feeding obs1.csv,0,14.514,664.258,105.003,0,0,0,20.079,0,0,0,95.573,0,0,1703,10/6/2020,October
October 1703 car feeding obs2.csv,0,21.007,475.447,113.999,0,0,0,15.91,0,0,0,273.273,0,0,1703,10/13/2020,October
October 1703 car feeding obs3.csv,0,3.743,527.477,208.102,0,0,0,8.159,0,0,0,152.447,0,0,1703,10/20/2020,October
October 1703 car feeding obs4.csv,1.295,13.406,425.887,220.794,0,0,0,29.919,0,0,0,204.899,0,0,1703,10/26/2020,October
October 1802 car feeding obs 1 moving playback.csv,0,1.921,51.879,74.787,0,0,0,1.152,0,0,0,13.638,0,0,1802,NA,October
October 1802 car feeding obs 2 moving playback.csv,0,0,0,24.395,0,0,0,0.575,0,0,0,24.242,0,0,1802,NA,October
October 1802 car feeding obs 3 moving playback.csv,0,0.762,101.805,78.189,0,0,0,0,0,0,0,18.445,0,0,1802,NA,October
October 1802 car feeding obs4 moving playback.csv,0,0,20.452,33.425,0,0,0,0,0,0,0,0,0,0,1802,NA,October
October 1803 car feeding obs1.csv,0,12.814,722.198,88.704,0,0,0,76.179,0,0,0,0,0,0,1803,10/6/2020,October
October 1803 car feeding obs2.csv,2.016,19.866,751.089,81.063,0,0,0,45.231,0,0,0,0,0,0,1803,10/13/2020,October
October 1803 car feeding obs3.csv,0,19.574,771.167,68.272,0,0,0,40.582,0,0,0,0,0,0,1803,10/20/2020,October
October 1803 car feeding obs4.csv,0,21.03,667.623,125.612,0,0,0,85.602,0,0,0,0,0,0,1803,10/26/2020,October
October 1820 car feeding obs 1 moving playback.csv,0,11.045,149.535,232.504,0,0,0,202.083,29.97,2.689,0,105.878,0,0,1820,NA,October
October 1820 car feeding obs 2 moving playback.csv,0,29.58,194.922,216.993,0,0,0,147.319,114.598,3.072,0,193.36,0,0,1820,NA,October
October 1820 car feeding obs3 moving playback.csv,0,37.609,258.477,269.765,0,0,0,145.962,174.626,3.849,0,0,0,0,1820,NA,October
October 1820 car feeding obs4 moving playback.csv,0,35.041,229.984,295.953,0,0,0,248.75,89.895,0,0,0,0,0,1820,NA,October
October 1841 car feeding obs1 moving playback.csv,0,0,129.881,259.58,0,0,0,254.302,0,0,0,107.504,0,0,1841,NA,October
October 1841 car feeding obs2 moving playback.csv,0,17.194,195.961,228.276,0,0,0,321.022,0,0,0,137.421,0,0,1841,NA,October
October 1841 car feeding obs3 moving playback.csv,0,7.3,246.103,281.919,0,0,0,333.062,0,0,0,30.348,0,0,1841,NA,October
October 1841 car feeding obs4 moving playback.csv,0,0,26.921,239.709,0,0,114.107,257.944,0,0,0,261.241,0,0,1841,NA,October
October 1842 car feeding obs 3.csv,0,0,25.299,105.628,0,0,0,94.361,0,0,0,674.665,0,0,1842,10/20/2020,October
October 1842 car feeding obs1.csv,0,56.423,259.223,273.252,0,0,0,163.619,33.513,37.235,0,76.577,0,0,1842,NA,October
October 1842 car feeding obs2.csv,0,3.17,56.475,293.591,0,0,0,324.774,0,0,0,221.9,0,0,1842,10/13/2020,October
October 1842 car feeding obs4.csv,0,66.449,129.85,238.876,0,0,0,207.464,23.437,0,0,225.283,0,0,1842,10/26/2020,October
October 1850 car feeding obs 1.csv,0,22.808,135.217,538.173,0,0,0,121.072,27.519,0,0,55.053,0,0,1850,10/6/2020,October
October 1850 car feeding obs 2.csv,0,39.12,185.2,287.734,0,0,0,194.935,62.861,0,0,120.722,0,0,1850,10/13/2020,October
October 1850 car feeding obs 3.csv,0,16.408,106.036,390.681,0,0,0,298.396,11.527,0,0,76.264,0,0,1850,10/20/2020,October
October 1850 car feeding obs4.csv,0,29.239,150.676,278.136,0,0,0,229.74,26.43,0,0,184.519,0,0,1850,10/26/2020,October
October 1851 car feeding ob3.csv,0,43.722,110.285,121.393,0,0,0,117.486,34.426,0,0,471.77,0,0,1851,10/20/2020,October
October 1851 car feeding obs 1.csv,0,0,28.921,183.962,0,0,0,108.801,0,0,0,578.27,0,0,1851,10/6/2020,October
October 1851 car feeding obs 2.csv,0,45.251,349.268,197.038,0,0,0,193.272,64.431,0,0,48.169,0,0,1851,NA,October
October 1851 car feeding obs4.csv,0,0,5.013,217.89,0,0,0,199.492,0,0,0,442.836,0,0,1851,10/26/2020,October
October 1853 car feeding obs1 moving playback.csv,0,23.054,18.818,67.611,0,0,0,6.147,18.807,0,0,0,0,0,1853,NA,October
October 1853 car feeding obs2 moving playback.csv,0,23.723,6.602,3.699,0,0,0,5.296,10.21,0,0,0,0,0,1853,NA,October
October 1853 car feeding obs3 moving playback.csv,0,47.341,13.724,94.015,0,0,0,19.291,23.325,0,0,0,0,0,1853,NA,October
October 1853 car feeding obs4 moving playback.csv,0,13.83,4.314,19.964,0,0,0,0,13.553,0,0,0,0,0,1853,10/26/2020,October
November 1600 car feeding obs 4 playback.csv,0,0,70.919,223.236,0,0,0,41.089,0,0,0,552.393,0,0,1600,NA,November
November 1600 car feeding obs1 moving playback.csv,0,0,0,119.708,0,0,0,206.691,0,0,0,573.57,0,0,1600,NA,November
November 1600 car feeding obs2 playback.csv,0,31.932,724.16,62.601,0,0,0,77.88,0,0,0,2.111,0,0,1600,NA,November
November 1600 car feeding obs3 moving playback.csv,0,0,0,31.34,0,0,0,40.819,0,0,0,827.831,0,0,1600,NA,November
November 1601 car feeding obs1.csv,0,27.513,490.232,93.958,0,0,0,67.829,0,0,0,220.123,0,0,1601,NA,November
November 1601 car feeding obs2.csv,0,64.77,353.3,193.255,0,0,0,97.358,0,0,0,190.686,0,0,1601,NA,November
November 1601 car feeding obs3.csv,0,36.529,229.763,241.129,0,0,0,70.54,0,0,0,312.71,0,0,1601,11/17/2020,November
November 1601 car feeding obs4.csv,0,43.97,329.129,237.092,0,7.708,0,180.145,0,0,0,101.201,0,0,1601,11/24/2020,November
November 1602 car feeding obs 2 playback.csv,6.717,47.448,637.221,136.673,0,9.891,0,39.168,0,0,0,21.521,0,0,1602,NA,November
November 1602 car feeding obs1 moving playback.csv,0,0,0,61.574,0,0,0,86.171,0,0,0,752.246,0,0,1602,11/3/2020,November
November 1602 car feeding obs3 moving playback.csv,0,0,0,91.082,0,0,0,78.21,0,0,0,730.694,0,0,1602,11/17/2020,November
November 1602 car feeding obs4 playback.csv,0,21.772,453.017,217.797,0,0,0,77.334,0,0,0,129.929,0,0,1602,NA,November
November 1610 car feeding obs 1.csv,0,6.079,35.883,119.47,0,0,167.268,262.856,0,0,0,308.4,0,0,1610,11/3/2020,November
November 1610 car feeding obs 2.csv,0,3.202,92.694,52.432,0,0,0,4.299,0,0,0,747.346,0,0,1610,11/17/2020,November
November 1610 car feeding obs 3.csv,0,14.684,104.127,57.421,0,0,0,51.591,0,0,0,672.126,0,0,1610,11/18/2020,November
November 1610 car feeding obs4.csv,1.499,18.714,206.3,130.815,0,0,0,24.011,0,0,0,518.603,0,0,1610,11/19/2020,November
November 1617 car feeding obs1 moving playback.csv,0,0,4.899,227.209,0,0,0,90.069,0,0,0,577.781,0,0,1617,11/3/2020,November
November 1617 car feeding obs2.csv,0,56.635,443.975,184.433,0,0,0,57.13,0,0,0,156.951,0,0,1617,11/10/2020,November
November 1617 car feeding obs3 moving playback.csv,0,0,0,119.985,0,0,0,47.848,0,0,0,731.244,0,0,1617,11/17/2020,November
November 1617 car feeding obs4 playback.csv,2.035,25.18,326.102,224.953,0,0,0,110.714,0,4.172,0,195.192,0,0,1617,NA,November
November 1622 car feeding obs 2.csv,0,0,51.691,326.455,0,0,55.753,209.863,0,0,0,256.151,0,0,1622,11/10/2020,November
November 1622 car feeding obs1.csv,0,0.4,44.376,117.597,0,0,0,39.155,0,0,0,698.424,0,0,1622,11/3/2020,November
November 1622 car feeding obs3.csv,0,0,13.254,252.463,0,0,0,46.492,0,0,0,580.524,0,0,1622,11/17/2020,November
November 1622 car feeding obs4.csv,0,0,36.832,238.556,5.665,7.905,2.067,94.53,0,0,0,514.397,0,0,1622,11/24/2020,November
November 1623 car feeding obs1 moving playback.csv,0,1.536,204.917,262.446,0,0,0,108.995,0,0,0,320.463,0,0,1623,11/3/2020,November
November 1623 car feeding obs2 playback.csv,0,54.129,242.2,246.984,0,0,0,107.911,0,0,0,247.844,0,0,1623,NA,November
November 1623 car feeding obs3 moving playback.csv,0,1.855,27.343,177.679,0,0,0,39.75,0,0,0,653.339,0,0,1623,11/17/2020,November
November 1623 car feeding obs4 playback.csv,0,34.885,352.987,269.314,0,0,0,168.992,0,0,0,57.727,0,0,1623,NA,November
November 1703 car feeding obs1.csv,0,21.009,432.498,213.485,0,0,0,11.807,0,0,0,217.114,0,0,1703,11/3/2020,November
November 1703 car feeding obs2.csv,0,4.902,253.495,156.777,0,0,0,2.31,0,0,0,482.466,0,0,1703,11/17/2020,November
November 1703 car feeding obs3.csv,0,16.515,606.132,140.817,0,0,0,0.863,0,0,0,135.58,0,0,1703,11/18/2020,November
November 1703 car feeding obs4.csv,0,14.212,586.262,74.859,0,0,0,15.101,0,0,0,209.507,0,0,1703,11/19/2020,November
November 1802  car feeding obs3 moving playback.csv,0,0,0,0,0,0,0,0,0,0,0,624.324,0,0,1802,NA,November
November 1802 car feeding obs 2 moving playback.csv,0,0,0,28.333,0,0,0,0,0,0,0,192.904,0,0,1802,NA,November
November 1802 car feeding obs1 moving playback.csv,0,0.772,35.331,207.097,0,0,0,26.889,0,0,0,22.814,0,0,1802,NA,November
November 1802 car feeding obs4 moving playback.csv,0,5.185,40.946,119.268,0,0,0,52.43,0,0,0,682.121,0,0,1802,NA,November
November 1803 car feeding obs1.csv,0,32.418,599.692,174.423,0,0,0,40.031,0,0,0,49.446,0,0,1803,11/3/2020,November
November 1803 car feeding obs2.csv,0,22.58,704.762,119.577,0,0,0,27.647,0,0,0,25.123,0,0,1803,11/10/2020,November
November 1803 car feeding obs3.csv,0,14.704,223.892,449.888,0,0,0,175.537,0,0,0,35.229,0,0,1803,11/17/2020,November
November 1803 car feeding obs4.csv,0,41.498,205.748,320.068,0,0,106.667,169.714,0,0,0,55.622,0,0,1803,11/19/2020,November
November 1820 car feeding obs 2 moving playback.csv,0,21.113,288.78,254.877,0,0,0,229.859,84.244,0,0,19.413,0,0,1820,NA,November
November 1820 car feeding obs1 moving playback.csv,0,0,54.531,216.324,0,0,0,320.942,0,0,0,308.117,0,0,1820,NA,November
November 1820 car feeding obs3 moving playback.csv,0,0,65.197,223.989,0,2.3,0,567.419,4.605,0,0,35.738,0,0,1820,NA,November
November 1820 car feeding obs4 moving playback.csv,0,0,34.03,346.381,0,0,0,264.613,10.09,0,0,179.688,0,0,1820,NA,November
November 1841 car feeding obs1 moving playback.csv,0,0,22.662,122.578,0,0,0,386.879,0,0,0,367.842,0,0,1841,NA,November
November 1841 car feeding obs2 moving playback.csv,0,0,97.108,245.785,0,0,0,370.309,0,0,0,180.506,0,0,1841,NA,November
November 1841 car feeding obs3 moving playback.csv,0,0,26.902,130.936,0,2.306,455.354,179.651,0,0,0,104.807,0,0,1841,NA,November
November 1841 car feeding obs4 moving playback.csv,0,0,21.614,407.099,0,0,0,307.484,0,0,0,97.986,0,0,1841,NA,November
November 1842 car feeding obs1.csv,0,0,0,34.573,0,0,0,11.924,0,0,0,848.373,0,0,1842,NA,November
November 1842 car feeding obs2.csv,0,0,0,126.128,0,0,0,260.344,0,0,0,513.5,0,0,1842,11/10/2020,November
November 1842 car feeding obs3.csv,0,48.275,56.605,157.537,0,0,0,41.194,10.922,0,0,540.435,0,0,1842,11/17/2020,November
November 1842 car feeding obs4.csv,0,0,0,9.796,0,0,0,0,0,0,0,890.2,0,0,1842,11/25/2020,November
November 1850 car feeding obs 1.csv,0,21.595,28.61,263.183,0,0,250.677,272.041,34.193,0,0,29.592,0,0,1850,11/3/2020,November
November 1850 car feeding obs 2.csv,0,15.289,33.204,492.15,0,0,0,195.15,9.728,0,0,59.842,0,94.505,1850,11/10/2020,November
November 1850 car feeding obs 3.csv,0,0,0,630.651,0,0,0,214.567,0,0,0,54.72,0,0,1850,11/17/2020,November
November 1850 car feeding obs4.csv,0,0,0,339.575,0,0,101.899,342.806,0,0,0,18.91,0,96.763,1850,11/19/2020,November
November 1851 car feeding obs1.csv,0,41.164,52.209,291.308,0,0,0,84.522,3.901,0,0,420.915,0,0,1851,NA,November
November 1851 car feeding obs2.csv,0,36.675,145.608,103.455,0,0,0,44.772,0,0,0,569.412,0,0,1851,11/10/2020,November
November 1851 car feeding obs3.csv,0,0,0,8.646,0,0,0,0,0,0,0,846.787,0,0,1851,11/17/2020,November
November 1851 car feeding obs4.csv,0,52.773,45.633,90.271,0,0,0,11.773,0,0,0,699.507,0,0,1851,11/25/2020,November
November 1853 car feeding obs1.csv,0,13.247,28.998,175.49,0,0,0,11.519,62.519,0,0,0,0,0,1853,11/3/2020,November
November 1853 car feeding obs2.csv,0,39.763,14.979,101.495,0,0,0,27.07,39.744,0,0,0,0,0,1853,11/10/2020,November
November 1853 car feeding obs3.csv,0,61.749,81.838,216.537,0,0,0,163.296,96.242,0,0,0,0,0,1853,11/17/2020,November
November 1853 car feeding obs4.csv,0,35.641,197.863,159.062,0,0,33.815,265.563,98.426,0,0,109.453,0,0,1853,11/18/2020,November
